20170428,8:05,8:45,9:45
20170428,8:10,8:50,9:50
20170428,8:15,9:05,10:05
20170428,8:20,9:05,10:05
20170428,8:25,9:10,10:10
20170428,8:30,9:15,10:15
20170428,8:35,9:15,10:15
20170428,8:40,9:15,10:15
20170428,8:45,9:20,10:20
20170428,8:50,9:25,10:25
20170428,8:55,9:30,10:30
20170428,9:00,9:35,10:35
20170428,9:05,9:40,10:40
20170428,9:10,9:45,10:45
20170428,9:15,9:50,10:50
20170428,9:20,9:55,10:55
20170428,9:25,10:00,11:00
20170428,9:30,10:05,11:05
20170428,9:35,10:10,11:10
20170428,9:40,10:15,11:15
20170428,9:45,10:20,11:20
20170428,9:50,10:25,11:25
20170428,9:55,10:30,11:30
20170428,10:00,10:35,11:35
20170428,10:05,10:40,11:40
20170428,10:10,10:45,11:45
20170428,10:15,10:50,11:50
20170428,10:20,10:55,11:55
20170428,10:25,11:00,12:00
20170428,10:30,11:05,12:05
20170428,10:35,11:10,12:10
20170428,10:40,11:20,12:20
20170428,10:45,11:25,12:25
20170428,10:50,11:30,12:30
20170428,10:55,11:30,12:30
20170428,11:00,11:35,12:35
20170428,11:05,11:40,12:40
20170428,11:10,11:45,12:45
20170428,11:15,11:55,12:55
20170428,11:20,11:55,12:55
20170428,11:25,12:00,13:00
20170428,11:30,12:05,13:05
20170428,11:35,12:15,13:15
20170428,11:40,12:25,13:25
20170428,11:45,12:35,13:35
20170428,11:50,12:40,13:40
20170428,11:55,12:50,13:50
20170428,12:00,13:00,14:00
20170428,12:05,13:10,14:10
20170428,12:10,13:15,14:15
20170428,12:15,13:20,14:20
20170428,12:20,13:25,14:25
20170428,12:25,13:30,14:30
20170428,12:30,13:40,14:40
20170428,12:35,13:45,14:45
20170428,12:40,13:55,14:55
20170428,12:45,14:00,15:00
20170428,12:50,14:00,15:00
20170428,12:55,14:05,15:05
20170428,13:00,14:10,15:10
20170428,13:05,14:15,15:15
20170428,13:10,14:15,15:15
20170428,13:15,14:20,15:20
20170428,13:20,14:25,15:25
20170428,13:25,14:25,15:25
20170428,13:30,14:30,15:30
20170428,13:35,14:35,15:35
20170428,13:40,14:40,15:40
20170428,13:45,14:45,15:45
20170428,13:50,14:55,15:55
20170428,13:55,14:55,15:55
20170427,9:05,9:45,10:45
20170427,9:10,9:50,10:50
20170427,9:15,9:55,10:55
20170427,9:20,10:05,11:05
20170427,9:25,10:05,11:05
20170427,9:30,10:10,11:10
20170427,9:35,10:10,11:10
20170427,9:40,10:15,11:15
20170427,9:45,10:20,11:20
20170427,9:50,10:25,11:25
20170427,9:55,10:30,11:30
20170427,10:00,10:35,11:35
20170427,10:05,10:40,11:40
20170427,10:10,10:45,11:45
20170427,10:15,10:50,11:50
20170427,10:20,10:55,11:55
20170427,10:25,11:00,12:00
20170427,10:30,11:10,12:10
20170427,10:35,11:15,12:15
20170427,10:40,11:20,12:20
20170427,10:45,11:25,12:25
20170427,10:50,11:30,12:30
20170427,10:55,11:35,12:35
20170427,11:00,11:40,12:40
20170427,11:05,11:45,12:45
20170427,11:10,11:45,12:45
20170427,11:15,11:50,12:50
20170427,11:20,11:55,12:55
20170427,11:25,12:00,13:00
20170427,11:30,12:05,13:05
20170427,11:35,12:10,13:10
20170427,11:40,12:15,13:15
20170427,11:45,12:20,13:20
20170427,11:50,12:25,13:25
20170427,11:55,12:35,13:35
20170427,12:00,12:35,13:35
20170427,12:05,12:40,13:40
20170427,12:10,12:45,13:45
20170427,12:15,12:50,13:50
20170427,12:20,12:55,13:55
20170427,12:25,13:00,14:00
20170427,12:30,13:05,14:05
20170427,12:35,13:10,14:10
20170427,12:40,13:15,14:15
20170427,12:45,13:20,14:20
20170427,12:50,13:25,14:25
20170427,12:55,13:30,14:30
20170427,13:00,13:35,14:35
20170427,13:05,13:40,14:40
20170427,13:10,13:45,14:45
20170427,13:15,13:50,14:50
20170427,13:20,13:55,14:55
20170427,13:25,14:05,15:05
20170427,13:30,14:05,15:05
20170427,13:35,14:10,15:10
20170427,13:40,14:15,15:15
20170427,13:45,14:20,15:20
20170427,13:50,14:25,15:25
20170427,13:55,14:30,15:30
20170427,14:00,14:35,15:35
20170427,14:05,14:40,15:40
20170427,14:10,14:45,15:45
20170427,14:15,14:50,15:50
20170427,14:20,14:55,15:55
20170427,14:25,15:00,16:00
20170427,14:30,15:05,16:05
20170427,14:35,15:10,16:10
20170427,14:40,15:15,16:15
20170427,14:45,15:20,16:20
20170427,14:50,15:25,16:25
20170427,14:55,15:30,16:30
20170427,15:00,15:35,16:35
20170427,15:05,15:40,16:40
20170427,15:10,15:45,16:45
20170427,15:15,15:50,16:50
20170427,15:20,15:55,16:55
20170427,15:25,16:00,17:00
20170427,15:30,16:05,17:05
20170427,15:35,16:10,17:10
20170427,15:40,16:15,17:15
20170427,15:45,16:20,17:20
20170427,15:50,16:25,17:25
20170427,15:55,16:30,17:30
20170427,16:00,16:35,17:35
20170427,16:05,16:40,17:40
20170427,16:10,16:45,17:45
20170427,16:15,16:50,17:50
20170427,16:20,16:55,17:55
20170427,16:25,17:00,18:00
20170427,16:30,17:05,18:05
20170427,16:35,17:10,18:10
20170427,16:40,17:15,18:15
20170427,16:45,17:20,18:20
20170427,16:50,17:25,18:25
20170427,16:55,17:30,18:30
20170427,17:00,17:35,18:35
20170427,17:05,17:40,18:40
20170427,17:10,17:45,18:45
20170427,17:15,17:50,18:50
20170427,17:20,17:55,18:55
20170427,17:25,18:00,19:00
20170427,17:30,18:05,19:05
20170427,17:35,18:10,19:10
20170427,17:40,18:15,19:15
20170427,17:45,18:20,19:20
20170427,17:50,18:25,19:25
20170427,17:55,18:30,19:30
20170427,18:00,18:35,19:35
20170427,18:05,18:40,19:40
20170426,9:05,9:45,10:45
20170426,9:10,9:50,10:50
20170426,9:15,10:00,11:00
20170426,9:20,10:10,11:10
20170426,9:25,10:15,11:15
20170426,9:30,10:20,11:20
20170426,9:35,10:20,11:20
20170426,9:40,10:25,11:25
20170426,9:45,10:30,11:30
20170426,9:50,10:35,11:35
20170426,9:55,10:35,11:35
20170426,10:00,10:40,11:40
20170426,10:05,10:45,11:45
20170426,10:10,10:45,11:45
20170426,10:15,10:50,11:50
20170426,10:20,10:55,11:55
20170426,10:25,11:00,12:00
20170426,10:30,11:05,12:05
20170426,10:35,11:10,12:10
20170426,10:40,11:15,12:15
20170426,10:45,11:20,12:20
20170426,10:50,11:25,12:25
20170426,10:55,11:30,12:30
20170426,11:00,11:35,12:35
20170426,11:05,11:40,12:40
20170426,11:10,11:45,12:45
20170426,11:15,11:50,12:50
20170426,11:20,11:55,12:55
20170426,11:25,12:00,13:00
20170426,11:30,12:05,13:05
20170426,11:35,12:15,13:15
20170426,11:40,12:20,13:20
20170426,11:45,12:25,13:25
20170426,11:50,12:25,13:25
20170425,9:05,9:45,10:45
20170425,9:10,9:50,10:50
20170425,9:15,10:00,11:00
20170425,9:20,10:15,11:15
20170425,9:25,10:25,11:25
20170425,9:30,10:25,11:25
20170425,9:35,10:35,11:35
20170425,9:40,10:40,11:40
20170425,9:45,10:45,11:45
20170425,9:50,10:45,11:45
20170425,9:55,10:50,11:50
20170425,10:00,10:55,11:55
20170425,10:05,11:00,12:00
20170425,10:10,11:15,12:15
20170425,10:15,11:20,12:20
20170425,10:20,11:30,12:30
20170425,10:25,11:35,12:35
20170425,10:30,11:45,12:45
20170425,10:35,11:50,12:50
20170425,10:40,11:55,12:55
20170425,10:45,12:00,13:00
20170425,10:50,12:05,13:05
20170425,10:55,12:10,13:10
20170425,11:00,12:20,13:20
20170425,11:05,12:20,13:20
20170425,11:10,12:25,13:25
20170425,11:15,12:30,13:30
20170425,11:20,12:35,13:35
20170425,11:25,12:40,13:40
20170425,11:30,12:50,13:50
20170425,11:35,13:00,14:00
20170425,11:40,13:10,14:10
20170425,11:45,13:20,14:20
20170425,11:50,13:25,14:25
20170425,11:55,13:40,14:40
20170425,12:00,13:45,14:45
20170425,12:05,13:55,14:55
20170425,12:10,14:00,15:00
20170425,12:15,14:15,15:15
20170425,12:20,14:25,15:25
20170425,12:25,14:35,15:35
20170425,12:30,14:45,15:45
20170425,12:35,14:55,15:55
20170425,12:40,15:00,16:00
20170425,12:45,15:10,16:10
20170425,12:50,15:15,16:15
20170425,12:55,15:25,16:25
20170425,13:00,15:30,16:30
20170425,13:05,15:35,16:35
20170425,13:10,15:45,16:45
20170425,13:15,15:50,16:50
20170425,13:20,15:55,16:55
20170425,13:25,16:05,17:05
20170425,13:30,16:05,17:05
20170425,13:35,16:15,17:15
20170425,13:40,16:25,17:25
20170425,13:45,16:30,17:30
20170425,13:50,16:40,17:40
20170425,13:55,16:50,17:50
20170425,14:00,16:55,17:55
20170425,14:05,17:05,18:05
20170425,14:10,17:10,18:10
20170425,14:15,17:15,18:15
20170425,14:20,17:20,18:20
20170425,14:25,17:25,18:25
20170425,14:30,17:25,18:25
20170425,14:35,17:30,18:30
20170425,14:40,17:40,18:40
20170425,14:45,17:50,18:50
20170425,14:50,17:55,18:55
20170425,14:55,18:05,19:05
20170425,15:00,18:10,19:10
20170425,15:05,18:15,19:15
20170425,15:10,18:20,19:20
20170425,15:15,18:30,19:30
20170425,15:20,18:30,19:30
20170425,15:25,18:35,19:35
20170425,15:30,18:40,19:40
20170425,15:35,18:45,19:45
20170425,15:40,18:50,19:50
20170425,15:45,18:55,19:55
20170425,15:50,19:00,20:00
20170425,15:55,19:05,20:05
20170425,16:00,19:10,20:10
20170425,16:05,19:15,20:15
20170425,16:10,19:20,20:20
20170425,16:15,19:25,20:25
20170425,16:20,19:25,20:25
20170425,16:25,19:30,20:30
20170425,16:30,19:35,20:35
20170425,16:35,19:40,20:40
20170425,16:40,19:45,20:45
20170425,16:45,19:45,20:45
20170425,16:50,19:50,20:50
20170425,16:55,19:55,20:55
20170425,17:00,19:55,20:55
20170425,17:05,20:00,21:00
20170425,17:10,20:05,21:05
20170425,17:15,20:05,21:05
20170425,17:20,20:10,21:10
20170425,17:25,20:15,21:15
20170425,17:30,20:15,21:15
20170425,17:35,20:20,21:20
20170425,17:40,20:20,21:20
20170425,17:45,20:25,21:25
20170425,17:50,20:25,21:25
20170425,17:55,20:30,21:30
20170425,18:00,20:30,21:30
20170425,18:05,20:35,21:35
20170425,18:10,20:40,21:40
20170425,18:15,20:40,21:40
20170425,18:20,20:40,21:40
20170425,18:25,20:45,21:45
20170425,18:30,20:45,21:45
20170425,18:35,20:50,21:50
20170425,18:40,20:55,21:55
20170425,18:45,20:55,21:55
20170425,18:50,20:55,21:55
20170425,18:55,21:00,22:00
20170425,19:00,21:00,22:00
20170425,19:05,21:00,22:00
20170425,19:10,21:00,22:00
20170425,19:15,21:05,22:00
20170425,19:20,21:05,22:00
20170425,19:25,21:10,22:00
20170425,19:30,21:10,22:00
20170425,19:35,21:10,22:00
20170425,19:40,21:10,22:00
20170425,19:45,21:10,22:00
20170425,19:50,21:10,22:00
20170425,19:55,21:15,22:00
20170425,20:00,21:15,22:00
20170425,20:05,21:15,22:00
20170425,20:10,21:15,22:00
20170425,20:15,21:20,22:00
20170425,20:20,21:20,22:00
20170424,8:05,9:00,10:00
20170424,8:10,9:10,10:10
20170424,8:15,9:30,10:30
20170424,8:20,9:45,10:45
20170424,8:25,9:50,10:50
20170424,8:30,10:00,11:00
20170424,8:35,10:05,11:05
20170424,8:40,10:05,11:05
20170424,8:45,10:15,11:15
20170424,8:50,10:20,11:20
20170424,8:55,10:25,11:25
20170424,9:00,10:30,11:30
20170424,9:05,10:40,11:40
20170424,9:10,10:45,11:45
20170424,9:15,11:00,12:00
20170424,9:20,11:05,12:05
20170424,9:25,11:20,12:20
20170424,9:30,11:30,12:30
20170424,9:35,11:35,12:35
20170424,9:40,11:45,12:45
20170424,9:45,11:55,12:55
20170424,9:50,12:00,13:00
20170424,9:55,12:10,13:10
20170424,10:00,12:15,13:15
20170424,10:05,12:20,13:20
20170424,10:10,12:30,13:30
20170424,10:15,12:40,13:40
20170424,10:20,12:50,13:50
20170424,10:25,13:00,14:00
20170424,10:30,13:15,14:15
20170424,10:35,13:30,14:30
20170424,10:40,13:35,14:35
20170424,10:45,13:50,14:50
20170424,10:50,14:00,15:00
20170424,10:55,14:15,15:15
20170424,11:00,14:25,15:25
20170424,11:05,14:35,15:35
20170424,11:10,14:45,15:45
20170424,11:15,14:50,15:50
20170424,11:20,14:55,15:55
20170424,11:25,15:00,16:00
20170424,11:30,15:10,16:10
20170424,11:35,15:15,16:15
20170424,11:40,15:30,16:30
20170424,11:45,15:35,16:35
20170424,11:50,15:50,16:50
20170424,11:55,16:00,17:00
20170424,12:00,16:10,17:10
20170424,12:05,16:15,17:15
20170424,12:10,16:25,17:25
20170424,12:15,16:30,17:30
20170424,12:20,16:40,17:40
20170424,12:25,16:55,17:55
20170424,12:30,17:05,18:05
20170424,12:35,17:15,18:15
20170424,12:40,17:20,18:20
20170424,12:45,17:30,18:30
20170424,12:50,17:35,18:35
20170424,12:55,17:40,18:40
20170424,13:00,17:55,18:55
20170424,13:05,18:00,19:00
20170424,13:10,18:10,19:10
20170424,13:15,18:15,19:15
20170424,13:20,18:20,19:20
20170424,13:25,18:30,19:30
20170424,13:30,18:35,19:35
20170424,13:35,18:40,19:40
20170424,13:40,18:45,19:45
20170424,13:45,18:50,19:50
20170424,13:50,18:55,19:55
20170424,13:55,19:00,20:00
20170424,14:00,19:05,20:05
20170424,14:05,19:15,20:15
20170424,14:10,19:15,20:15
20170424,14:15,19:20,20:20
20170424,14:20,19:25,20:25
20170424,14:25,19:30,20:30
20170424,14:30,19:30,20:30
20170424,14:35,19:30,20:30
20170424,14:40,19:40,20:40
20170424,14:45,19:50,20:50
20170424,14:50,19:55,20:55
20170424,14:55,20:05,21:05
20170424,15:00,20:05,21:05
20170424,15:05,20:15,21:15
20170424,15:10,20:20,21:20
20170424,15:15,20:25,21:25
20170424,15:20,20:25,21:25
20170424,15:25,20:30,21:30
20170424,15:30,20:35,21:35
20170424,15:35,20:35,21:35
20170424,15:40,20:40,21:40
20170424,15:45,20:45,21:45
20170424,15:50,20:45,21:45
20170424,15:55,20:50,21:50
20170424,16:00,20:50,21:50
20170424,16:05,20:55,21:55
20170424,16:10,21:00,22:00
20170424,16:15,21:00,22:00
20170424,16:20,21:05,22:00
20170424,16:25,21:05,22:00
20170424,16:30,21:05,22:00
20170424,16:35,21:10,22:00
20170424,16:40,21:10,22:00
20170424,16:45,21:10,22:00
20170424,16:50,21:15,22:00
20170424,16:55,21:15,22:00
20170424,17:00,21:15,22:00
20170424,17:05,21:20,22:00
20170424,17:10,21:20,22:00
20170424,17:15,21:20,22:00
20170424,17:20,21:20,22:00
20170424,17:25,21:20,22:00
20170424,17:30,21:25,22:00
20170424,17:35,21:25,22:00
20170424,17:40,21:30,22:00
20170424,17:45,21:30,22:00
20170424,17:50,21:30,22:00
20170424,17:55,21:35,22:00
20170424,18:00,21:35,22:00
20170424,18:05,21:35,22:00
20170424,18:10,21:40,22:00
20170424,18:15,21:40,22:00
20170424,18:20,21:40,22:00
20170423,8:05,9:00,10:00
20170423,8:10,9:15,10:15
20170423,8:15,9:45,10:45
20170423,8:20,10:05,11:05
20170423,8:25,10:30,11:30
20170423,8:30,10:50,11:50
20170423,8:35,11:15,12:15
20170423,8:40,11:30,12:30
20170423,8:45,11:55,12:55
20170423,8:50,12:05,13:05
20170423,8:55,12:10,13:10
20170423,9:00,12:25,13:25
20170423,9:05,12:30,13:30
20170423,9:10,12:45,13:45
20170423,9:15,12:55,13:55
20170423,9:20,13:05,14:05
20170423,9:25,13:20,14:20
20170423,9:30,13:30,14:30
20170423,9:35,13:45,14:45
20170423,9:40,13:55,14:55
20170423,9:45,14:10,15:10
20170423,9:50,14:20,15:20
20170423,9:55,14:35,15:35
20170423,10:00,14:45,15:45
20170423,10:05,14:55,15:55
20170423,10:10,15:00,16:00
20170423,12:35,21:30,22:00
20170423,12:40,21:35,22:00
20170423,12:45,21:40,22:00
20170422,8:05,8:55,9:55
20170422,8:10,9:05,10:05
20170422,8:15,9:35,10:35
20170422,8:20,9:50,10:50
20170422,8:25,10:05,11:05
20170422,8:30,10:25,11:25
20170422,8:35,10:45,11:45
20170422,8:40,10:55,11:55
20170422,8:45,11:05,12:05
20170422,8:50,11:20,12:20
20170422,8:55,11:35,12:35
20170422,11:00,19:45,20:45
20170422,11:05,19:55,20:55
20170422,11:10,20:10,21:10
20170422,11:15,20:20,21:20
20170422,11:20,20:25,21:25
20170422,11:25,20:35,21:35
20170422,11:30,20:40,21:40
20170422,11:35,20:50,21:50
20170422,11:40,21:00,22:00
20170422,11:45,21:10,22:00
20170422,11:50,21:20,22:00
20170422,11:55,21:30,22:00
20170422,12:00,21:40,22:00
20170505,8:05,9:35,10:35
20170505,8:10,9:55,10:55
20170505,8:15,10:25,11:25
20170505,8:20,10:40,11:40
20170505,8:25,11:10,12:10
20170505,8:30,11:30,12:30
20170505,8:35,12:00,13:00
20170505,8:40,12:15,13:15
20170505,8:45,12:40,13:40
20170505,8:50,12:55,13:55
20170505,8:55,13:05,14:05
20170505,9:00,13:15,14:15
20170505,9:05,13:30,14:30
20170505,9:10,13:45,14:45
20170505,9:15,13:50,14:50
20170505,9:20,14:05,15:05
20170505,9:25,14:25,15:25
20170505,9:30,14:35,15:35
20170505,9:35,14:50,15:50
20170505,9:40,14:55,15:55
20170505,9:45,15:10,16:10
20170505,9:50,15:15,16:15
20170505,9:55,15:25,16:25
20170505,10:00,15:40,16:40
20170505,10:05,15:45,16:45
20170505,10:10,16:05,17:05
20170505,10:15,16:25,17:25
20170505,10:20,16:40,17:40
20170505,10:25,17:00,18:00
20170505,10:30,17:25,18:25
20170505,10:35,17:40,18:40
20170505,10:40,18:05,19:05
20170505,10:45,18:25,19:25
20170505,10:50,18:55,19:55
20170505,10:55,19:15,20:15
20170505,11:00,19:30,20:30
20170505,11:05,19:55,20:55
20170505,11:10,20:10,21:10
20170505,11:15,20:25,21:25
20170505,11:20,20:35,21:35
20170505,11:25,20:45,21:45
20170505,11:30,20:55,21:55
20170505,11:35,21:05,22:00
20170505,11:40,21:20,22:00
20170505,11:45,21:30,22:00
20170505,11:50,21:35,22:00
20170504,8:05,9:30,10:30
20170504,8:10,9:50,10:50
20170504,8:15,10:10,11:10
20170504,8:20,10:35,11:35
20170504,8:25,10:55,11:55
20170504,8:30,11:25,12:25
20170504,8:35,12:00,13:00
20170504,8:40,12:20,13:20
20170504,8:45,12:45,13:45
20170504,8:50,13:05,14:05
20170504,8:57,13:40,14:40
20170504,9:00,14:00,15:00
20170504,9:05,14:30,15:30
20170504,9:10,14:40,15:40
20170504,9:15,14:55,15:55
20170504,9:20,15:10,16:10
20170504,9:25,15:25,16:25
20170504,9:30,15:35,16:35
20170504,9:35,15:50,16:50
20170504,9:40,16:00,17:00
20170504,9:45,16:15,17:15
20170504,9:50,16:20,17:20
20170504,9:55,16:35,17:35
20170504,10:00,16:45,17:45
20170504,10:05,16:55,17:55
20170504,10:10,17:20,18:20
20170504,10:15,17:40,18:40
20170504,10:20,17:55,18:55
20170504,10:25,18:15,19:15
20170504,10:30,18:35,19:35
20170504,10:35,18:55,19:55
20170504,10:40,19:15,20:15
20170504,10:45,19:45,20:45
20170504,10:50,20:10,21:10
20170504,10:55,20:30,21:30
20170504,11:00,20:45,21:45
20170504,11:05,21:15,22:00
20170504,11:10,21:30,22:00
20170504,11:15,21:40,22:00
20170503,8:05,9:15,10:15
20170503,8:10,9:40,10:40
20170503,8:15,10:10,11:10
20170503,8:20,10:25,11:25
20170503,8:25,10:50,11:50
20170503,8:30,11:10,12:10
20170503,8:35,11:35,12:35
20170503,8:40,12:05,13:05
20170503,8:45,12:30,13:30
20170503,8:50,12:45,13:45
20170503,8:55,13:05,14:05
20170503,9:00,13:10,14:10
20170503,9:05,13:25,14:25
20170503,9:10,13:35,14:35
20170503,9:15,13:50,14:50
20170503,9:20,14:00,15:00
20170503,9:25,14:15,15:15
20170503,9:30,14:25,15:25
20170503,9:35,14:40,15:40
20170503,9:40,14:50,15:50
20170503,9:45,15:05,16:05
20170503,9:50,15:10,16:10
20170503,9:55,15:20,16:20
20170503,10:00,15:30,16:30
20170503,10:05,15:40,16:40
20170503,10:10,15:50,16:50
20170503,10:15,16:00,17:00
20170503,10:20,16:20,17:20
20170503,10:25,16:40,17:40
20170503,10:30,17:00,18:00
20170503,10:35,17:25,18:25
20170503,10:40,17:40,18:40
20170503,10:45,18:00,19:00
20170503,10:50,18:15,19:15
20170503,10:55,18:30,19:30
20170503,11:00,18:55,19:55
20170503,11:05,19:20,20:20
20170503,11:10,19:35,20:35
20170503,11:15,19:50,20:50
20170503,11:20,20:10,21:10
20170503,11:25,20:30,21:30
20170503,11:30,20:40,21:40
20170503,11:35,20:55,21:55
20170503,11:40,21:10,22:00
20170503,11:45,21:25,22:00
20170503,11:50,21:40,22:00
20170502,8:05,8:55,9:55
20170502,8:10,9:15,10:15
20170502,8:15,9:35,10:35
20170502,8:20,10:05,11:05
20170502,8:25,10:30,11:30
20170502,8:30,10:50,11:50
20170502,8:35,11:05,12:05
20170502,8:40,11:20,12:20
20170502,8:45,11:35,12:35
20170502,8:50,11:40,12:40
20170502,8:55,11:55,12:55
20170502,9:00,12:00,13:00
20170502,9:05,12:10,13:10
20170502,9:10,12:20,13:20
20170502,9:15,12:30,13:30
20170502,9:20,12:40,13:40
20170502,9:25,12:45,13:45
20170502,9:30,12:55,13:55
20170502,9:35,13:00,14:00
20170502,9:40,13:10,14:10
20170502,9:45,13:15,14:15
20170502,9:50,13:25,14:25
20170502,9:55,13:30,14:30
20170502,10:00,13:35,14:35
20170502,10:05,13:40,14:40
20170502,10:10,13:50,14:50
20170502,10:15,13:55,14:55
20170502,10:20,14:05,15:05
20170502,10:25,14:15,15:15
20170502,10:30,14:25,15:25
20170502,10:35,14:35,15:35
20170502,10:40,14:45,15:45
20170502,10:45,14:50,15:50
20170502,10:50,15:00,16:00
20170502,10:55,15:05,16:05
20170502,11:00,15:10,16:10
20170502,11:05,15:20,16:20
20170502,11:10,15:25,16:25
20170502,11:15,15:30,16:30
20170502,11:20,15:35,16:35
20170502,11:25,15:35,16:35
20170502,11:30,15:45,16:45
20170502,11:35,15:55,16:55
20170502,11:40,16:00,17:00
20170502,11:45,16:05,17:05
20170502,11:50,16:15,17:15
20170502,11:55,16:25,17:25
20170502,12:00,16:30,17:30
20170502,12:05,16:35,17:35
20170502,12:10,16:45,17:45
20170502,12:15,16:55,17:55
20170502,12:20,17:05,18:05
20170502,12:25,17:15,18:15
20170502,12:30,17:25,18:25
20170502,12:35,17:35,18:35
20170502,12:40,17:45,18:45
20170502,12:45,17:55,18:55
20170502,12:50,18:05,19:05
20170502,12:55,18:10,19:10
20170502,13:00,18:20,19:20
20170502,13:05,18:35,19:35
20170502,13:10,18:45,19:45
20170502,13:15,18:50,19:50
20170502,13:20,19:00,20:00
20170502,13:25,19:10,20:10
20170502,13:30,19:15,20:15
20170502,13:35,19:20,20:20
20170502,13:40,19:30,20:30
20170502,13:45,19:40,20:40
20170502,13:50,19:45,20:45
20170502,13:55,20:00,21:00
20170502,14:00,20:05,21:05
20170502,14:05,20:15,21:15
20170502,14:10,20:25,21:25
20170502,14:15,20:30,21:30
20170502,14:20,20:35,21:35
20170502,14:25,20:40,21:40
20170502,14:30,20:45,21:45
20170502,14:35,20:45,21:45
20170502,14:40,21:00,22:00
20170502,14:45,21:05,22:00
20170502,14:50,21:15,22:00
20170502,14:55,21:20,22:00
20170502,15:00,21:25,22:00
20170502,15:05,21:30,22:00
20170502,15:10,21:35,22:00
20170502,15:15,21:35,22:00
20170502,15:20,21:40,22:00
20170501,8:05,8:50,9:50
20170501,8:10,9:00,10:00
20170501,8:15,9:20,10:20
20170501,8:20,9:30,10:30
20170501,8:25,9:45,10:45
20170501,8:30,10:00,11:00
20170501,8:35,10:05,11:05
20170501,8:40,10:10,11:10
20170501,8:45,10:15,11:15
20170501,8:50,10:20,11:20
20170501,8:55,10:25,11:25
20170501,9:00,10:30,11:30
20170501,9:05,10:35,11:35
20170501,9:10,10:40,11:40
20170501,9:15,10:45,11:45
20170501,9:20,10:50,11:50
20170501,9:25,10:55,11:55
20170501,9:30,11:00,12:00
20170501,9:35,11:10,12:10
20170501,9:40,11:15,12:15
20170501,9:45,11:25,12:25
20170501,9:50,11:30,12:30
20170501,9:55,11:40,12:40
20170501,10:00,11:45,12:45
20170501,10:05,11:50,12:50
20170501,10:10,11:55,12:55
20170501,10:15,12:05,13:05
20170501,10:20,12:10,13:10
20170501,10:25,12:20,13:20
20170501,10:30,12:30,13:30
20170501,10:35,12:40,13:40
20170501,10:40,12:50,13:50
20170501,10:45,13:00,14:00
20170501,10:50,13:05,14:05
20170501,10:55,13:15,14:15
20170501,11:00,13:20,14:20
20170501,11:05,13:30,14:30
20170501,11:10,13:35,14:35
20170501,11:15,13:40,14:40
20170501,11:20,13:45,14:45
20170501,11:25,13:55,14:55
20170501,11:30,14:00,15:00
20170501,11:35,14:15,15:15
20170501,11:40,14:20,15:20
20170501,11:45,14:30,15:30
20170501,11:50,14:40,15:40
20170501,11:55,14:50,15:50
20170501,12:00,15:00,16:00
20170501,12:05,15:10,16:10
20170501,13:00,18:20,19:20
20170501,13:05,18:25,19:25
20170501,13:10,18:30,19:30
20170501,13:15,18:35,19:35
20170501,13:20,18:40,19:40
20170501,13:25,18:45,19:45
20170501,13:30,18:50,19:50
20170501,13:35,18:55,19:55
20170501,13:40,19:00,20:00
20170501,13:45,19:10,20:10
20170501,13:50,19:10,20:10
20170501,13:55,19:15,20:15
20170501,14:00,19:20,20:20
20170501,14:05,19:25,20:25
20170501,14:10,19:35,20:35
20170501,14:15,19:45,20:45
20170501,14:20,19:50,20:50
20170501,14:25,19:55,20:55
20170501,14:30,20:00,21:00
20170501,14:35,20:10,21:10
20170501,14:40,20:20,21:20
20170501,14:45,20:25,21:25
20170501,14:50,20:30,21:30
20170501,14:55,20:35,21:35
20170501,15:00,20:40,21:40
20170501,15:05,20:45,21:45
20170501,15:10,20:50,21:50
20170501,15:15,20:55,21:55
20170501,15:20,21:00,22:00
20170501,15:25,21:05,22:00
20170501,15:30,21:05,22:00
20170501,15:35,21:10,22:00
20170501,15:40,21:10,22:00
20170501,15:45,21:15,22:00
20170501,15:50,21:20,22:00
20170501,15:55,21:20,22:00
20170501,16:00,21:20,22:00
20170501,16:05,21:25,22:00
20170501,16:10,21:25,22:00
20170501,16:15,21:25,22:00
20170501,16:20,21:25,22:00
20170501,16:25,21:30,22:00
20170501,16:30,21:30,22:00
20170501,16:35,21:30,22:00
20170501,16:40,21:35,22:00
20170501,16:45,21:35,22:00
20170501,16:50,21:35,22:00
20170501,16:55,21:35,22:00
20170501,17:00,21:35,22:00
20170501,17:05,21:35,22:00
20170501,17:10,21:40,22:00
20170501,17:15,21:40,22:00
20170501,17:20,21:40,22:00
20170501,17:25,21:40,22:00
20170501,17:30,21:40,22:00
20170430,8:05,9:00,10:00
20170430,8:10,9:10,10:10
20170430,8:15,9:40,10:40
20170430,8:20,10:00,11:00
20170430,8:25,10:30,11:30
20170430,8:30,10:45,11:45
20170430,8:35,10:55,11:55
20170430,8:40,11:05,12:05
20170430,8:45,11:15,12:15
20170430,8:50,11:25,12:25
20170430,8:55,11:35,12:35
20170430,9:00,11:40,12:40
20170430,9:05,11:45,12:45
20170430,9:10,11:50,12:50
20170430,9:15,12:00,13:00
20170430,9:20,12:05,13:05
20170430,9:25,12:15,13:15
20170430,9:30,12:20,13:20
20170430,9:35,12:30,13:30
20170430,9:40,12:35,13:35
20170430,9:45,12:40,13:40
20170430,9:50,12:50,13:50
20170430,9:55,12:55,13:55
20170430,10:00,13:00,14:00
20170430,10:05,13:05,14:05
20170430,10:10,13:15,14:15
20170430,10:15,13:25,14:25
20170430,10:20,13:35,14:35
20170430,10:25,13:50,14:50
20170430,10:30,14:05,15:05
20170430,10:35,14:20,15:20
20170430,10:40,14:40,15:40
20170430,10:45,14:55,15:55
20170430,10:50,15:05,16:05
20170430,10:55,15:15,16:15
20170430,11:00,15:25,16:25
20170430,11:05,15:35,16:35
20170430,11:10,15:45,16:45
20170430,11:15,15:50,16:50
20170430,11:20,15:55,16:55
20170430,11:25,16:00,17:00
20170430,11:30,16:05,17:05
20170430,11:35,16:15,17:15
20170430,11:40,16:25,17:25
20170430,11:45,16:35,17:35
20170430,11:50,16:45,17:45
20170430,11:55,17:05,18:05
20170430,12:00,17:15,18:15
20170430,12:05,17:25,18:25
20170430,12:10,17:30,18:30
20170430,12:15,17:40,18:40
20170430,12:20,17:50,18:50
20170430,12:25,18:00,19:00
20170430,12:30,18:05,19:05
20170430,12:35,18:20,19:20
20170430,12:40,18:30,19:30
20170430,12:45,18:40,19:40
20170430,12:50,18:50,19:50
20170430,12:55,19:00,20:00
20170430,13:00,19:05,20:05
20170430,13:05,19:15,20:15
20170430,13:10,19:20,20:20
20170430,13:15,19:25,20:25
20170430,13:20,19:30,20:30
20170430,13:25,19:40,20:40
20170430,13:30,19:45,20:45
20170430,13:35,20:00,21:00
20170430,13:40,20:10,21:10
20170430,13:45,20:20,21:20
20170430,13:50,20:25,21:25
20170430,13:55,20:30,21:30
20170430,14:00,20:35,21:35
20170430,14:05,20:40,21:40
20170430,14:10,20:45,21:45
20170430,14:15,20:50,21:50
20170430,14:20,20:55,21:55
20170430,14:25,21:00,22:00
20170430,14:30,21:00,22:00
20170430,14:35,21:05,22:00
20170430,14:40,21:15,22:00
20170430,14:45,21:20,22:00
20170430,14:50,21:25,22:00
20170430,14:55,21:25,22:00
20170430,15:00,21:30,22:00
20170430,15:05,21:30,22:00
20170430,15:10,21:35,22:00
20170430,15:15,21:40,22:00
20170430,15:20,21:40,22:00
20170430,15:25,21:40,22:00
20170429,8:05,8:55,9:55
20170429,8:10,9:20,10:20
20170429,8:15,9:35,10:35
20170429,8:20,10:10,11:10
20170429,8:25,10:30,11:30
20170429,8:30,10:55,11:55
20170429,8:35,11:30,12:30
20170429,8:40,11:45,12:45
20170429,8:45,12:00,13:00
20170429,8:50,12:05,13:05
20170429,8:55,12:15,13:15
20170429,9:00,12:25,13:25
20170429,9:05,12:30,13:30
20170429,9:10,12:35,13:35
20170429,9:15,12:45,13:45
20170429,9:20,12:55,13:55
20170429,9:25,13:05,14:05
20170429,9:30,13:10,14:10
20170429,9:35,13:15,14:15
20170429,9:40,13:25,14:25
20170429,9:45,13:35,14:35
20170429,9:50,13:40,14:40
20170429,9:55,13:45,14:45
20170429,10:00,13:55,14:55
20170429,10:05,14:00,15:00
20170429,10:10,14:15,15:15
20170429,10:15,14:35,15:35
20170429,10:20,14:45,15:45
20170429,10:25,15:05,16:05
20170429,10:30,15:15,16:15
20170429,10:35,15:35,16:35
20170429,10:40,15:50,16:50
20170429,10:45,16:10,17:10
20170429,10:50,16:30,17:30
20170429,10:55,16:40,17:40
20170429,11:00,16:55,17:55
20170429,11:05,17:10,18:10
20170429,11:10,17:25,18:25
20170429,11:15,17:30,18:30
20170429,11:20,17:40,18:40
20170429,11:25,17:45,18:45
20170429,11:30,17:50,18:50
20170429,11:35,17:55,18:55
20170429,11:40,18:05,19:05
20170429,11:45,18:15,19:15
20170429,11:50,18:25,19:25
20170429,11:55,18:40,19:40
20170429,12:00,18:45,19:45
20170429,12:05,19:00,20:00
20170429,12:10,19:10,20:10
20170429,12:15,19:20,20:20
20170429,12:20,19:30,20:30
20170429,12:25,19:50,20:50
20170429,12:30,20:05,21:05
20170429,12:35,20:20,21:20
20170429,12:40,20:35,21:35
20170429,12:45,20:45,21:45
20170429,12:50,20:55,21:55
20170429,12:55,21:05,22:00
20170429,13:00,21:15,22:00
20170429,13:05,21:30,22:00
20170429,13:10,21:35,22:00
20170429,13:15,21:40,22:00
20170512,9:05,9:50,10:50
20170512,9:10,9:55,10:55
20170512,9:15,10:15,11:15
20170512,9:20,10:20,11:20
20170512,9:25,10:30,11:30
20170512,9:30,10:40,11:40
20170512,9:35,10:45,11:45
20170512,9:40,10:50,11:50
20170512,9:45,11:00,12:00
20170512,9:50,11:05,12:05
20170512,9:55,11:10,12:10
20170512,10:00,11:15,12:15
20170512,10:05,11:20,12:20
20170512,10:10,11:25,12:25
20170512,10:15,11:30,12:30
20170512,10:20,11:40,12:40
20170512,10:25,11:50,12:50
20170512,10:30,11:55,12:55
20170512,10:35,12:05,13:05
20170512,10:40,12:05,13:05
20170512,10:45,12:15,13:15
20170512,10:50,12:20,13:20
20170512,10:55,12:25,13:25
20170512,11:00,12:30,13:30
20170512,11:05,12:40,13:40
20170512,11:10,12:40,13:40
20170512,11:15,12:45,13:45
20170512,11:20,12:50,13:50
20170512,11:25,12:55,13:55
20170512,11:30,13:00,14:00
20170512,11:35,13:10,14:10
20170512,11:40,13:15,14:15
20170512,11:45,13:20,14:20
20170512,11:50,13:30,14:30
20170512,11:55,13:40,14:40
20170512,12:00,13:45,14:45
20170512,12:05,13:55,14:55
20170512,12:10,14:00,15:00
20170512,12:15,14:10,15:10
20170512,12:20,14:15,15:15
20170512,12:25,14:20,15:20
20170512,12:30,14:25,15:25
20170512,12:35,14:40,15:40
20170512,12:40,14:50,15:50
20170512,12:45,15:00,16:00
20170512,12:50,15:05,16:05
20170512,12:55,15:10,16:10
20170512,13:00,15:15,16:15
20170512,13:05,15:20,16:20
20170512,13:10,15:30,16:30
20170512,13:15,15:35,16:35
20170512,13:20,15:40,16:40
20170512,13:25,15:45,16:45
20170512,13:30,15:55,16:55
20170512,13:35,16:00,17:00
20170512,13:40,16:10,17:10
20170512,13:45,16:15,17:15
20170512,13:50,16:25,17:25
20170512,13:55,16:30,17:30
20170512,14:00,16:35,17:35
20170512,14:05,16:45,17:45
20170512,14:10,16:55,17:55
20170512,14:15,17:00,18:00
20170512,14:20,17:05,18:05
20170512,14:25,17:10,18:10
20170512,14:30,17:10,18:10
20170512,14:35,17:20,18:20
20170512,14:40,17:25,18:25
20170512,14:45,17:35,18:35
20170512,14:50,17:50,18:50
20170512,14:55,18:00,19:00
20170512,15:00,18:05,19:05
20170512,15:05,18:15,19:15
20170512,15:10,18:20,19:20
20170512,15:15,18:25,19:25
20170512,15:20,18:35,19:35
20170512,15:25,18:40,19:40
20170512,15:30,18:45,19:45
20170512,15:35,18:50,19:50
20170512,15:40,18:55,19:55
20170512,15:45,19:00,20:00
20170512,15:50,19:00,20:00
20170512,15:55,19:10,20:10
20170512,16:00,19:10,20:10
20170512,16:05,19:15,20:15
20170512,16:10,19:20,20:20
20170512,16:15,19:25,20:25
20170512,16:20,19:30,20:30
20170512,16:25,19:40,20:40
20170512,16:30,19:45,20:45
20170512,16:35,19:55,20:55
20170512,16:40,20:00,21:00
20170512,16:45,20:05,21:05
20170512,16:50,20:10,21:10
20170512,16:55,20:15,21:15
20170512,17:00,20:15,21:15
20170512,17:05,20:20,21:20
20170512,17:10,20:20,21:20
20170512,17:15,20:25,21:25
20170512,17:20,20:30,21:30
20170512,17:25,20:30,21:30
20170512,17:30,20:35,21:35
20170512,17:35,20:40,21:40
20170512,17:40,20:40,21:40
20170512,17:45,20:45,21:45
20170512,17:50,20:50,21:50
20170512,17:55,20:50,21:50
20170512,18:00,20:55,21:55
20170512,18:05,21:00,22:00
20170512,18:10,21:05,22:00
20170512,18:15,21:10,22:00
20170512,18:20,21:10,22:00
20170512,18:25,21:20,22:00
20170512,18:30,21:20,22:00
20170512,18:35,21:20,22:00
20170512,18:40,21:25,22:00
20170512,18:45,21:25,22:00
20170512,18:50,21:30,22:00
20170512,18:55,21:30,22:00
20170512,19:00,21:35,22:00
20170512,19:05,21:35,22:00
20170512,19:10,21:40,22:00
20170512,19:15,21:40,22:00
20170512,19:20,21:40,22:00
20170512,19:25,21:40,22:00
20170512,19:30,21:40,22:00
20170511,9:05,9:50,10:50
20170511,9:10,9:55,10:55
20170511,9:15,10:05,11:05
20170511,9:20,10:10,11:10
20170511,9:25,10:20,11:20
20170511,9:30,10:20,11:20
20170511,9:35,10:30,11:30
20170511,9:40,10:30,11:30
20170511,9:45,10:40,11:40
20170511,9:50,10:45,11:45
20170511,9:55,10:50,11:50
20170511,10:00,10:55,11:55
20170511,10:05,11:00,12:00
20170511,10:10,11:05,12:05
20170511,10:15,11:05,12:05
20170511,10:20,11:10,12:10
20170511,10:25,11:15,12:15
20170511,10:30,11:20,12:20
20170511,10:35,11:25,12:25
20170511,10:40,11:35,12:35
20170511,10:45,11:35,12:35
20170511,10:50,11:45,12:45
20170511,10:55,11:50,12:50
20170511,11:00,12:00,13:00
20170511,11:05,12:00,13:00
20170511,11:10,12:05,13:05
20170511,11:15,12:10,13:10
20170511,11:20,12:15,13:15
20170511,11:25,12:20,13:20
20170511,11:30,12:25,13:25
20170511,11:35,12:30,13:30
20170511,11:40,12:40,13:40
20170511,11:45,12:45,13:45
20170511,11:50,12:50,13:50
20170511,11:55,12:55,13:55
20170511,12:00,13:05,14:05
20170511,12:05,13:10,14:10
20170511,12:10,13:20,14:20
20170511,12:15,13:25,14:25
20170511,12:20,13:30,14:30
20170511,12:25,13:35,14:35
20170511,12:30,13:40,14:40
20170511,12:35,13:50,14:50
20170511,12:40,13:55,14:55
20170511,12:45,14:05,15:05
20170511,12:50,14:10,15:10
20170511,12:55,14:20,15:20
20170511,13:00,14:25,15:25
20170511,13:05,14:35,15:35
20170511,13:10,14:50,15:50
20170511,13:15,14:55,15:55
20170511,13:20,15:05,16:05
20170511,13:25,15:15,16:15
20170511,13:30,15:20,16:20
20170511,13:35,15:30,16:30
20170511,13:40,15:35,16:35
20170511,13:45,15:40,16:40
20170511,13:50,15:50,16:50
20170511,13:55,15:55,16:55
20170511,14:00,16:00,17:00
20170511,14:05,16:05,17:05
20170511,14:10,16:10,17:10
20170511,14:15,16:20,17:20
20170511,14:20,16:20,17:20
20170511,14:25,16:25,17:25
20170511,14:30,16:30,17:30
20170511,14:35,16:35,17:35
20170511,14:40,16:40,17:40
20170511,14:45,16:50,17:50
20170511,14:50,16:55,17:55
20170511,14:55,17:05,18:05
20170511,15:00,17:10,18:10
20170511,15:05,17:20,18:20
20170511,15:10,17:25,18:25
20170511,15:15,17:35,18:35
20170511,15:20,17:40,18:40
20170511,15:25,17:50,18:50
20170511,15:30,17:55,18:55
20170511,15:35,18:05,19:05
20170511,15:40,18:10,19:10
20170511,15:45,18:20,19:20
20170511,15:50,18:25,19:25
20170511,15:55,18:35,19:35
20170511,16:00,18:45,19:45
20170511,16:05,18:45,19:45
20170511,16:10,18:55,19:55
20170511,16:15,19:00,20:00
20170511,16:20,19:00,20:00
20170511,16:25,19:05,20:05
20170511,16:30,19:10,20:10
20170511,16:35,19:15,20:15
20170511,16:40,19:20,20:20
20170511,16:45,19:20,20:20
20170511,16:50,19:25,20:25
20170511,16:55,19:25,20:25
20170511,17:00,19:30,20:30
20170511,17:05,19:35,20:35
20170511,17:10,19:40,20:40
20170511,17:15,19:40,20:40
20170511,17:20,19:45,20:45
20170511,17:25,19:55,20:55
20170511,17:30,20:00,21:00
20170511,17:35,20:05,21:05
20170511,17:40,20:10,21:10
20170511,17:45,20:15,21:15
20170511,17:50,20:20,21:20
20170511,17:55,20:20,21:20
20170511,18:00,20:20,21:20
20170511,18:05,20:25,21:25
20170511,18:10,20:30,21:30
20170511,18:15,20:35,21:35
20170511,18:20,20:35,21:35
20170511,18:25,20:40,21:40
20170511,18:30,20:45,21:45
20170511,18:35,20:45,21:45
20170511,18:40,20:45,21:45
20170511,18:45,20:50,21:50
20170511,18:50,20:50,21:50
20170511,18:55,20:55,21:55
20170511,19:00,20:55,21:55
20170511,19:05,21:00,22:00
20170511,19:10,21:00,22:00
20170511,19:15,21:00,22:00
20170511,19:20,21:05,22:00
20170511,19:25,21:05,22:00
20170511,19:30,21:05,22:00
20170511,19:35,21:10,22:00
20170511,19:40,21:10,22:00
20170511,19:45,21:10,22:00
20170511,19:50,21:10,22:00
20170511,19:55,21:15,22:00
20170511,20:00,21:15,22:00
20170511,20:05,21:15,22:00
20170511,20:10,21:15,22:00
20170511,20:15,21:15,22:00
20170511,20:20,21:20,22:00
20170511,20:25,21:20,22:00
20170511,20:30,21:20,22:00
20170511,20:35,21:25,22:00
20170511,20:40,21:25,22:00
20170511,20:45,21:25,22:00
20170511,20:50,21:25,22:00
20170511,20:55,21:30,22:00
20170511,21:00,21:35,22:00
20170511,21:05,21:40,22:00
20170510,9:05,9:50,10:50
20170510,9:10,9:55,10:55
20170510,9:15,10:10,11:10
20170510,9:20,10:15,11:15
20170510,9:25,10:25,11:25
20170510,9:30,10:25,11:25
20170510,9:35,10:30,11:30
20170510,9:40,10:35,11:35
20170510,9:45,10:40,11:40
20170510,9:50,10:45,11:45
20170510,9:55,10:50,11:50
20170510,10:00,10:55,11:55
20170510,10:05,10:55,11:55
20170510,10:10,11:05,12:05
20170510,10:15,11:05,12:05
20170510,10:20,11:10,12:10
20170510,10:25,11:15,12:15
20170510,10:30,11:20,12:20
20170510,10:35,11:25,12:25
20170510,10:40,11:30,12:30
20170510,10:45,11:35,12:35
20170510,10:50,11:40,12:40
20170510,10:55,11:50,12:50
20170510,11:00,11:55,12:55
20170510,11:05,12:00,13:00
20170510,11:10,12:00,13:00
20170510,11:15,12:05,13:05
20170510,11:20,12:10,13:10
20170510,11:25,12:20,13:20
20170510,11:30,12:25,13:25
20170510,11:35,12:30,13:30
20170510,11:40,12:35,13:35
20170510,11:45,12:45,13:45
20170510,11:50,12:45,13:45
20170510,11:55,12:55,13:55
20170510,12:00,13:00,14:00
20170510,12:05,13:05,14:05
20170510,12:10,13:10,14:10
20170510,12:15,13:15,14:15
20170510,12:20,13:20,14:20
20170510,12:25,13:30,14:30
20170510,12:30,13:35,14:35
20170510,12:35,13:40,14:40
20170510,12:40,13:45,14:45
20170510,12:45,13:50,14:50
20170510,12:50,13:55,14:55
20170510,12:55,14:05,15:05
20170510,13:00,14:10,15:10
20170510,13:05,14:15,15:15
20170510,13:10,14:20,15:20
20170510,13:15,14:25,15:25
20170510,13:20,14:30,15:30
20170510,13:25,14:35,15:35
20170510,13:30,14:40,15:40
20170510,13:35,14:45,15:45
20170510,13:40,14:50,15:50
20170510,13:45,15:00,16:00
20170510,13:50,15:00,16:00
20170510,13:55,15:05,16:05
20170510,14:00,15:10,16:10
20170510,14:05,15:15,16:15
20170510,14:10,15:20,16:20
20170510,14:15,15:20,16:20
20170510,14:20,15:25,16:25
20170510,14:25,15:25,16:25
20170510,14:30,15:25,16:25
20170510,14:35,15:30,16:30
20170510,14:40,15:35,16:35
20170510,14:45,15:45,16:45
20170510,14:50,15:50,16:50
20170510,14:55,15:55,16:55
20170510,15:00,15:55,16:55
20170510,15:05,16:05,17:05
20170510,15:10,16:05,17:05
20170510,15:15,16:10,17:10
20170510,15:20,16:15,17:15
20170510,15:25,16:20,17:20
20170510,15:30,16:25,17:25
20170510,15:35,16:35,17:35
20170510,15:40,16:40,17:40
20170510,15:45,16:45,17:45
20170510,15:50,16:55,17:55
20170510,15:55,17:00,18:00
20170510,16:00,17:05,18:05
20170510,16:05,17:10,18:10
20170510,16:10,17:15,18:15
20170510,16:15,17:20,18:20
20170510,16:20,17:30,18:30
20170510,16:25,17:35,18:35
20170510,16:30,17:40,18:40
20170510,16:35,17:50,18:50
20170510,16:40,17:55,18:55
20170510,16:45,18:00,19:00
20170510,16:50,18:05,19:00
20170510,16:55,18:15,19:00
20170510,17:00,18:20,19:00
20170510,17:05,18:25,19:00
20170510,17:10,18:30,19:00
20170510,17:15,18:35,19:00
20170510,17:20,18:40,19:00
20170509,9:05,9:50,10:50
20170509,9:10,9:55,10:55
20170509,9:15,10:05,11:05
20170509,9:20,10:15,11:15
20170509,9:25,10:20,11:20
20170509,9:30,10:25,11:25
20170509,9:35,10:30,11:30
20170509,9:40,10:30,11:30
20170509,9:45,10:35,11:35
20170509,9:50,10:40,11:40
20170509,9:55,10:40,11:40
20170509,10:00,10:50,11:50
20170509,10:05,10:55,11:55
20170509,10:10,10:55,11:55
20170509,10:15,11:00,12:00
20170509,10:20,11:05,12:05
20170509,10:25,11:10,12:10
20170509,10:30,11:10,12:10
20170509,10:35,11:20,12:20
20170509,10:40,11:20,12:20
20170509,10:45,11:25,12:25
20170509,10:50,11:30,12:30
20170509,10:55,11:35,12:35
20170509,11:00,11:40,12:40
20170509,11:05,11:45,12:45
20170509,11:10,11:50,12:50
20170509,11:15,12:00,13:00
20170509,11:20,12:00,13:00
20170509,11:25,12:05,13:05
20170509,11:30,12:05,13:05
20170509,11:35,12:10,13:10
20170509,11:40,12:20,13:20
20170509,11:45,12:20,13:20
20170509,11:50,12:30,13:30
20170509,11:55,12:40,13:40
20170509,12:00,12:50,13:50
20170509,12:05,12:55,13:55
20170509,12:10,13:05,14:05
20170509,12:15,13:05,14:05
20170509,12:20,13:15,14:15
20170509,12:25,13:20,14:20
20170509,12:30,13:25,14:25
20170509,12:35,13:35,14:35
20170509,12:40,13:40,14:40
20170509,12:45,13:50,14:50
20170509,12:50,13:55,14:55
20170509,12:55,14:00,15:00
20170509,13:00,14:05,15:05
20170509,13:05,14:15,15:15
20170509,13:10,14:20,15:20
20170509,13:15,14:25,15:25
20170509,13:20,14:30,15:30
20170509,13:25,14:40,15:40
20170509,13:30,14:45,15:45
20170509,13:35,14:50,15:50
20170509,13:40,15:00,16:00
20170509,13:45,15:10,16:10
20170509,13:50,15:10,16:10
20170509,13:55,15:15,16:15
20170509,14:00,15:20,16:20
20170509,14:05,15:25,16:25
20170509,14:10,15:30,16:30
20170509,14:15,15:35,16:35
20170509,14:20,15:40,16:40
20170509,14:25,15:40,16:40
20170509,14:30,15:45,16:45
20170509,14:35,15:50,16:50
20170509,14:40,15:55,16:55
20170509,14:45,16:00,17:00
20170509,14:50,16:05,17:05
20170509,14:55,16:10,17:10
20170509,15:00,16:20,17:20
20170509,15:05,16:25,17:25
20170509,15:10,16:30,17:30
20170509,15:15,16:35,17:35
20170509,15:20,16:35,17:35
20170509,15:25,16:45,17:45
20170509,15:30,16:50,17:50
20170509,15:35,16:55,17:55
20170509,15:40,17:00,18:00
20170509,15:45,17:05,18:05
20170509,15:50,17:10,18:10
20170509,15:55,17:20,18:20
20170509,16:00,17:25,18:25
20170509,16:05,17:35,18:35
20170509,16:10,17:40,18:40
20170509,16:15,17:50,18:50
20170509,16:20,17:55,18:55
20170509,16:25,18:05,19:05
20170509,16:30,18:10,19:10
20170509,16:35,18:15,19:15
20170509,16:40,18:20,19:20
20170509,16:45,18:25,19:25
20170509,16:50,18:30,19:30
20170509,16:55,18:30,19:30
20170509,17:00,18:40,19:40
20170509,17:05,18:40,19:40
20170509,17:10,18:45,19:45
20170509,17:15,18:45,19:45
20170509,17:20,18:50,19:50
20170509,17:25,18:50,19:50
20170509,17:30,18:55,19:55
20170509,17:35,19:00,20:00
20170509,17:40,19:00,20:00
20170509,17:45,19:05,20:05
20170509,17:50,19:05,20:05
20170509,17:55,19:10,20:10
20170509,18:00,19:10,20:10
20170508,9:05,9:50,10:50
20170508,9:10,9:55,10:55
20170508,9:15,10:10,11:10
20170508,9:20,10:20,11:20
20170508,9:25,10:25,11:25
20170508,9:30,10:30,11:30
20170508,9:35,10:35,11:35
20170508,9:40,10:40,11:40
20170508,9:45,10:45,11:45
20170508,9:50,10:50,11:50
20170508,9:55,10:55,11:55
20170508,10:00,11:00,12:00
20170508,10:05,11:05,12:05
20170508,10:10,11:10,12:10
20170508,10:15,11:15,12:15
20170508,10:20,11:20,12:20
20170508,10:25,11:20,12:20
20170508,10:30,11:25,12:25
20170508,10:35,11:30,12:30
20170508,10:40,11:40,12:40
20170508,10:45,11:45,12:45
20170508,10:50,11:50,12:50
20170508,10:55,11:55,12:55
20170508,11:00,12:00,13:00
20170508,11:05,12:05,13:05
20170508,11:10,12:10,13:10
20170508,11:15,12:15,13:15
20170508,11:20,12:20,13:20
20170508,11:25,12:25,13:25
20170508,11:30,12:30,13:30
20170508,11:35,12:40,13:40
20170508,11:40,12:45,13:45
20170508,11:45,12:50,13:50
20170508,11:50,13:00,14:00
20170508,11:55,13:05,14:05
20170508,12:00,13:15,14:15
20170508,12:05,13:20,14:20
20170508,12:10,13:25,14:25
20170508,12:15,13:30,14:30
20170508,13:10,15:10,16:10
20170508,13:15,15:15,16:15
20170508,13:20,15:15,16:15
20170508,13:25,15:25,16:25
20170508,13:30,15:30,16:30
20170508,13:35,15:35,16:35
20170508,13:40,15:45,16:45
20170508,13:45,15:50,16:50
20170508,13:50,15:55,16:55
20170508,13:55,16:00,17:00
20170508,14:00,16:05,17:05
20170508,14:05,16:10,17:10
20170508,14:10,16:10,17:10
20170508,14:15,16:15,17:15
20170508,14:20,16:20,17:20
20170508,14:25,16:20,17:20
20170508,14:30,16:25,17:25
20170508,14:35,16:30,17:30
20170508,14:40,16:35,17:35
20170508,14:45,16:40,17:40
20170508,14:50,16:50,17:50
20170508,14:55,17:00,18:00
20170508,15:00,17:00,18:00
20170508,15:05,17:05,18:05
20170508,15:10,17:10,18:10
20170508,15:15,17:15,18:15
20170508,15:20,17:20,18:20
20170508,15:25,17:25,18:25
20170508,15:30,17:30,18:30
20170508,15:35,17:40,18:40
20170508,15:40,17:45,18:45
20170508,15:45,17:55,18:55
20170508,15:50,18:00,19:00
20170508,15:55,18:10,19:10
20170508,16:00,18:15,19:15
20170508,16:05,18:15,19:15
20170508,16:10,18:20,19:20
20170508,16:15,18:25,19:25
20170508,16:20,18:30,19:30
20170508,16:25,18:35,19:35
20170508,16:30,18:40,19:40
20170508,16:35,18:45,19:45
20170508,16:40,18:45,19:45
20170508,16:45,18:50,19:50
20170508,16:50,18:50,19:50
20170508,16:55,18:50,19:50
20170508,17:00,18:50,19:50
20170508,17:05,18:55,19:55
20170508,17:10,18:55,19:55
20170508,17:15,19:00,20:00
20170508,17:20,19:00,20:00
20170508,17:25,19:05,20:00
20170508,17:30,19:05,20:00
20170508,17:35,19:10,20:00
20170508,17:40,19:10,20:00
20170508,17:45,19:15,20:00
20170508,17:50,19:20,20:00
20170508,17:55,19:20,20:00
20170508,18:00,19:25,20:00
20170508,18:05,19:25,20:00
20170508,18:10,19:25,20:00
20170508,18:15,19:30,20:00
20170508,18:20,19:35,20:00
20170508,18:25,19:35,20:00
20170507,8:05,9:00,10:00
20170507,8:10,9:20,10:20
20170507,8:15,9:40,10:40
20170507,8:20,10:00,11:00
20170507,8:25,10:30,11:30
20170507,8:30,10:45,11:45
20170507,8:35,11:10,12:10
20170507,8:40,11:20,12:20
20170507,8:45,11:30,12:30
20170507,8:50,11:35,12:35
20170507,8:55,11:40,12:40
20170507,9:00,11:50,12:50
20170507,9:05,11:55,12:55
20170507,9:10,12:00,13:00
20170507,9:15,12:10,13:10
20170507,9:20,12:15,13:15
20170507,9:25,12:25,13:25
20170507,9:30,12:30,13:30
20170507,9:35,12:40,13:40
20170507,9:40,12:50,13:50
20170507,9:45,13:00,14:00
20170507,9:50,13:05,14:05
20170507,9:55,13:20,14:20
20170507,10:00,13:25,14:25
20170507,10:05,13:35,14:35
20170507,10:10,13:45,14:45
20170507,10:15,13:50,14:50
20170507,10:20,14:10,15:10
20170507,10:25,14:35,15:35
20170507,10:30,14:50,15:50
20170507,10:35,15:05,16:05
20170507,10:40,15:20,16:20
20170507,10:45,15:45,16:45
20170507,10:50,15:50,16:50
20170507,10:55,16:05,17:05
20170507,11:00,16:15,17:15
20170507,11:05,16:25,17:25
20170507,11:10,16:35,17:35
20170507,11:15,16:45,17:45
20170507,11:20,16:55,17:55
20170507,11:25,17:10,18:10
20170507,11:30,17:15,18:15
20170507,11:35,17:25,18:25
20170507,11:40,17:40,18:40
20170507,11:45,17:45,18:45
20170507,11:50,17:55,18:55
20170507,11:55,18:10,19:10
20170507,12:00,18:15,19:15
20170507,12:05,18:25,19:25
20170507,12:10,18:30,19:30
20170507,12:15,18:35,19:35
20170507,12:20,18:45,19:45
20170507,12:25,18:50,19:50
20170507,12:30,19:00,20:00
20170507,12:35,19:15,20:15
20170507,12:40,19:20,20:20
20170507,12:45,19:30,20:30
20170507,12:50,19:35,20:35
20170507,12:55,19:45,20:45
20170507,13:00,19:55,20:55
20170507,13:05,20:05,21:05
20170507,13:10,20:10,21:10
20170507,13:15,20:15,21:15
20170507,13:20,20:20,21:20
20170507,13:25,20:25,21:25
20170507,13:30,20:30,21:30
20170507,13:35,20:30,21:30
20170507,13:40,20:40,21:40
20170507,13:45,20:40,21:40
20170507,13:50,20:45,21:45
20170507,13:55,20:45,21:45
20170507,14:00,20:50,21:50
20170507,14:05,20:55,21:55
20170507,14:10,20:55,21:55
20170507,14:15,21:00,22:00
20170507,14:20,21:00,22:00
20170507,14:25,21:05,22:00
20170507,14:30,21:05,22:00
20170507,14:35,21:10,22:00
20170507,14:40,21:10,22:00
20170507,14:45,21:15,22:00
20170507,14:50,21:20,22:00
20170507,14:55,21:20,22:00
20170507,15:00,21:20,22:00
20170507,15:05,21:25,22:00
20170507,15:10,21:25,22:00
20170507,15:15,21:30,22:00
20170507,15:20,21:30,22:00
20170507,15:25,21:35,22:00
20170507,15:30,21:35,22:00
20170507,15:35,21:35,22:00
20170507,15:40,21:35,22:00
20170507,15:45,21:35,22:00
20170507,15:50,21:40,22:00
20170507,15:55,21:40,22:00
20170507,16:00,21:40,22:00
20170506,8:05,8:55,9:55
20170506,8:10,9:20,10:20
20170506,8:15,9:40,10:40
20170506,8:20,10:10,11:10
20170506,8:25,10:30,11:30
20170506,8:30,11:00,12:00
20170506,8:35,11:30,12:30
20170506,8:40,11:40,12:40
20170506,8:45,11:50,12:50
20170506,8:50,11:55,12:55
20170506,8:55,12:05,13:05
20170506,9:00,12:15,13:15
20170506,9:05,12:20,13:20
20170506,9:10,12:30,13:30
20170506,9:15,12:40,13:40
20170506,9:20,12:50,13:50
20170506,9:25,13:00,14:00
20170506,9:30,13:05,14:05
20170506,9:35,13:15,14:15
20170506,9:40,13:25,14:25
20170506,9:45,13:35,14:35
20170506,9:50,13:40,14:40
20170506,9:55,13:50,14:50
20170506,10:00,13:55,14:55
20170506,10:05,14:10,15:10
20170506,10:10,14:20,15:20
20170506,10:15,14:40,15:40
20170506,10:20,14:55,15:55
20170506,10:25,15:10,16:10
20170506,10:30,15:25,16:25
20170506,10:35,15:45,16:45
20170506,10:40,16:10,17:10
20170506,10:45,16:25,17:25
20170506,10:50,16:45,17:45
20170506,10:55,17:05,18:05
20170506,11:00,17:20,18:20
20170506,11:05,17:30,18:30
20170506,11:10,17:35,18:35
20170506,11:15,17:45,18:45
20170506,11:20,17:55,18:55
20170506,11:25,18:05,19:05
20170506,11:30,18:10,19:10
20170506,11:35,18:25,19:25
20170506,11:40,18:35,19:35
20170506,11:45,18:45,19:45
20170506,11:50,19:00,20:00
20170506,11:55,19:10,20:10
20170506,12:00,19:20,20:20
20170506,12:05,19:25,20:25
20170506,12:10,19:35,20:35
20170506,12:15,19:55,20:55
20170506,12:20,20:10,21:10
20170506,12:25,20:25,21:25
20170506,12:30,20:35,21:35
20170506,12:35,20:55,21:55
20170506,12:40,21:05,22:00
20170506,12:45,21:20,22:00
20170506,12:50,21:30,22:00
20170506,12:55,21:35,22:00
20170506,13:00,21:40,22:00
20170519,9:05,9:50,10:50
20170519,9:10,10:00,11:00
20170519,9:15,10:15,11:15
20170519,9:20,10:25,11:25
20170519,9:25,10:40,11:40
20170519,9:30,10:50,11:50
20170519,9:35,11:00,12:00
20170519,9:40,11:10,12:10
20170519,9:45,11:15,12:15
20170519,9:50,11:20,12:20
20170519,9:55,11:25,12:25
20170519,10:00,11:30,12:30
20170519,10:05,11:35,12:35
20170519,10:10,11:45,12:45
20170519,10:15,11:55,12:55
20170519,10:20,12:05,13:05
20170519,10:25,12:10,13:10
20170519,10:30,12:25,13:25
20170519,10:35,12:35,13:35
20170519,10:40,12:40,13:40
20170519,10:45,12:45,13:45
20170519,10:50,12:50,13:50
20170519,10:55,12:55,13:55
20170519,11:00,13:00,14:00
20170519,11:05,13:05,14:05
20170519,11:10,13:10,14:10
20170519,11:15,13:15,14:15
20170519,11:20,13:20,14:20
20170518,9:05,9:45,10:45
20170518,9:10,9:55,10:55
20170518,9:15,10:05,11:05
20170518,9:20,10:10,11:10
20170518,9:25,10:20,11:20
20170518,9:30,10:20,11:20
20170518,9:35,10:25,11:25
20170518,9:40,10:30,11:30
20170518,9:45,10:35,11:35
20170518,9:50,10:40,11:40
20170518,9:55,10:45,11:45
20170518,10:00,10:50,11:50
20170518,10:05,10:55,11:55
20170518,10:10,11:00,12:00
20170518,10:15,11:05,12:05
20170518,10:20,11:10,12:10
20170518,10:25,11:15,12:15
20170518,10:30,11:25,12:25
20170518,10:35,11:35,12:35
20170518,10:40,11:40,12:40
20170518,10:45,11:50,12:50
20170518,10:50,12:00,13:00
20170518,10:55,12:05,13:05
20170518,11:00,12:10,13:10
20170518,11:05,12:20,13:20
20170518,11:10,12:25,13:25
20170518,11:15,12:30,13:30
20170518,11:20,12:35,13:35
20170518,11:25,12:40,13:40
20170518,11:30,12:45,13:45
20170518,11:35,12:55,13:55
20170518,11:40,13:05,14:05
20170518,11:45,13:15,14:15
20170518,11:50,13:20,14:20
20170518,11:55,13:35,14:35
20170518,12:00,13:40,14:40
20170518,12:05,13:50,14:50
20170518,12:10,14:00,15:00
20170518,12:15,14:05,15:05
20170518,12:20,14:15,15:15
20170518,12:25,14:25,15:25
20170518,12:30,14:25,15:25
20170518,12:35,14:45,15:45
20170518,12:40,14:55,15:55
20170518,12:45,15:05,16:05
20170518,12:50,15:10,16:10
20170518,12:55,15:20,16:20
20170518,13:00,15:25,16:25
20170518,13:05,15:30,16:30
20170518,13:10,15:35,16:35
20170518,13:15,15:40,16:40
20170518,13:20,15:45,16:45
20170518,13:25,15:55,16:55
20170518,13:30,16:00,17:00
20170518,13:35,16:10,17:10
20170518,13:40,16:20,17:20
20170518,13:45,16:25,17:25
20170518,13:50,16:35,17:35
20170518,13:55,16:40,17:40
20170518,14:00,16:50,17:50
20170518,14:05,17:00,18:00
20170518,14:10,17:10,18:10
20170518,14:15,17:15,18:15
20170518,14:20,17:25,18:25
20170518,14:25,17:30,18:30
20170518,14:30,17:35,18:35
20170518,14:35,17:45,18:45
20170518,14:40,17:55,18:55
20170518,14:45,18:00,19:00
20170518,14:50,18:05,19:05
20170518,14:55,18:05,19:05
20170518,15:00,18:10,19:10
20170518,15:05,18:10,19:10
20170518,15:10,18:15,19:15
20170518,15:15,18:15,19:15
20170518,15:20,18:20,19:20
20170518,15:25,18:25,19:25
20170518,15:30,18:25,19:25
20170518,16:20,19:30,20:30
20170518,16:25,19:35,20:35
20170518,16:30,19:40,20:40
20170518,16:35,19:50,20:50
20170518,16:40,19:55,20:55
20170518,16:45,20:00,21:00
20170518,16:50,20:00,21:00
20170518,16:55,20:05,21:05
20170518,17:00,20:05,21:05
20170518,17:05,20:10,21:10
20170518,17:10,20:10,21:10
20170518,17:15,20:15,21:15
20170518,17:20,20:20,21:20
20170518,17:25,20:20,21:20
20170518,17:30,20:25,21:25
20170518,17:35,20:25,21:25
20170518,17:40,20:30,21:30
20170518,17:45,20:30,21:30
20170518,17:50,20:30,21:30
20170518,17:55,20:35,21:35
20170518,18:00,20:35,21:35
20170518,18:05,20:40,21:40
20170518,18:10,20:40,21:40
20170518,18:15,20:45,21:45
20170518,18:20,20:45,21:45
20170518,18:25,20:45,21:45
20170518,18:30,20:45,21:45
20170518,18:35,20:50,21:50
20170518,18:40,20:50,21:50
20170518,18:45,20:55,21:55
20170518,18:50,21:00,22:00
20170518,18:55,21:00,22:00
20170518,19:00,21:00,22:00
20170518,19:05,21:05,22:00
20170518,19:10,21:05,22:00
20170518,19:15,21:05,22:00
20170518,19:20,21:10,22:00
20170518,19:25,21:10,22:00
20170518,19:30,21:10,22:00
20170518,19:35,21:10,22:00
20170518,19:40,21:10,22:00
20170518,19:45,21:10,22:00
20170518,19:50,21:15,22:00
20170518,19:55,21:15,22:00
20170518,20:00,21:15,22:00
20170518,20:05,21:15,22:00
20170518,20:10,21:15,22:00
20170518,20:15,21:15,22:00
20170518,20:20,21:20,22:00
20170518,20:25,21:20,22:00
20170518,20:30,21:20,22:00
20170518,20:35,21:25,22:00
20170518,20:40,21:25,22:00
20170518,20:45,21:25,22:00
20170518,20:50,21:25,22:00
20170518,20:55,21:30,22:00
20170518,21:00,21:35,22:00
20170518,21:05,21:40,22:00
20170517,9:05,9:45,10:45
20170517,9:10,9:55,10:55
20170517,9:15,10:05,11:05
20170517,9:20,10:10,11:10
20170517,9:25,10:20,11:20
20170517,9:30,10:25,11:25
20170517,9:35,10:30,11:30
20170517,9:40,10:30,11:30
20170517,9:45,10:40,11:40
20170517,9:50,10:40,11:40
20170517,9:55,10:45,11:45
20170517,10:00,10:50,11:50
20170517,10:05,10:55,11:55
20170517,10:10,11:05,12:05
20170517,10:15,11:10,12:10
20170517,10:20,11:10,12:10
20170517,10:25,11:20,12:20
20170517,10:30,11:20,12:20
20170517,10:35,11:25,12:25
20170517,10:40,11:35,12:35
20170517,10:45,11:45,12:45
20170517,10:50,11:50,12:50
20170517,10:55,11:55,12:55
20170517,11:00,12:00,13:00
20170517,11:05,12:05,13:05
20170517,11:10,12:10,13:10
20170517,11:15,12:20,13:20
20170517,11:20,12:20,13:20
20170517,11:25,12:25,13:25
20170517,11:30,12:35,13:35
20170517,11:35,12:40,13:40
20170517,11:40,12:50,13:50
20170517,11:45,12:55,13:55
20170517,11:50,13:05,14:05
20170517,11:55,13:15,14:15
20170517,12:00,13:20,14:20
20170517,12:05,13:25,14:25
20170517,12:10,13:35,14:35
20170517,12:15,13:45,14:45
20170517,12:20,13:50,14:50
20170517,12:25,13:55,14:55
20170517,12:30,14:05,15:05
20170517,12:35,14:15,15:15
20170517,12:40,14:25,15:25
20170517,12:45,14:35,15:35
20170517,12:50,14:40,15:40
20170517,12:55,14:45,15:45
20170517,13:00,15:00,16:00
20170517,13:05,15:05,16:05
20170517,13:10,15:10,16:10
20170517,13:15,15:20,16:20
20170517,13:20,15:25,16:25
20170517,13:25,15:30,16:30
20170517,13:30,15:35,16:35
20170517,13:35,15:40,16:40
20170517,13:40,15:50,16:50
20170517,13:45,15:55,16:55
20170517,13:50,16:00,17:00
20170517,13:55,16:10,17:10
20170517,14:00,16:15,17:15
20170517,14:05,16:20,17:20
20170517,14:10,16:25,17:25
20170517,14:15,16:30,17:30
20170517,14:20,16:35,17:35
20170517,14:25,16:40,17:40
20170517,14:30,16:40,17:40
20170517,14:35,16:45,17:45
20170517,14:40,16:50,17:50
20170517,14:45,17:00,18:00
20170517,14:50,17:05,18:05
20170517,14:55,17:15,18:15
20170517,15:00,17:20,18:20
20170517,15:05,17:30,18:30
20170517,15:10,17:35,18:35
20170517,15:15,17:45,18:45
20170517,15:20,17:55,18:55
20170517,15:25,18:05,19:05
20170517,15:30,18:15,19:15
20170517,15:35,18:30,19:30
20170517,15:40,18:35,19:35
20170517,15:45,18:40,19:40
20170517,15:50,18:50,19:50
20170517,15:55,18:55,19:55
20170517,16:00,19:00,20:00
20170517,16:05,19:05,20:05
20170517,16:10,19:10,20:10
20170517,16:15,19:15,20:15
20170517,16:20,19:20,20:20
20170517,16:25,19:25,20:25
20170517,16:30,19:25,20:25
20170517,16:35,19:35,20:35
20170517,16:40,19:40,20:40
20170517,16:45,19:45,20:45
20170517,16:50,19:50,20:50
20170517,16:55,19:55,20:55
20170517,17:00,20:00,21:00
20170517,17:05,20:05,21:05
20170517,17:10,20:05,21:05
20170517,17:15,20:10,21:10
20170517,17:20,20:15,21:15
20170517,17:25,20:20,21:20
20170517,17:30,20:25,21:25
20170517,17:35,20:30,21:30
20170517,17:40,20:30,21:30
20170517,17:45,20:35,21:35
20170517,17:50,20:40,21:40
20170517,17:55,20:40,21:40
20170517,18:00,20:45,21:45
20170517,18:05,20:45,21:45
20170517,18:10,20:55,21:55
20170517,18:15,20:55,21:55
20170517,18:20,21:00,22:00
20170517,18:25,21:05,22:00
20170517,18:30,21:05,22:00
20170517,18:35,21:10,22:00
20170517,18:40,21:10,22:00
20170517,18:45,21:15,22:00
20170517,18:50,21:15,22:00
20170517,18:55,21:20,22:00
20170517,19:00,21:20,22:00
20170517,19:05,21:20,22:00
20170517,19:10,21:20,22:00
20170517,19:15,21:25,22:00
20170517,19:20,21:25,22:00
20170517,19:25,21:25,22:00
20170517,19:30,21:30,22:00
20170517,19:35,21:30,22:00
20170517,19:40,21:30,22:00
20170517,19:45,21:30,22:00
20170517,19:50,21:30,22:00
20170517,19:55,21:30,22:00
20170517,20:00,21:30,22:00
20170517,20:05,21:35,22:00
20170517,20:10,21:35,22:00
20170517,20:15,21:35,22:00
20170517,20:20,21:35,22:00
20170517,20:25,21:40,22:00
20170517,20:30,21:40,22:00
20170517,20:35,21:40,22:00
20170517,20:40,21:40,22:00
20170517,20:45,21:40,22:00
20170517,20:50,21:40,22:00
20170517,20:55,21:40,22:00
20170517,21:00,21:40,22:00
20170517,21:05,21:40,22:00
20170516,9:05,9:45,10:45
20170516,9:10,9:50,10:50
20170516,9:15,10:00,11:00
20170516,9:20,10:10,11:10
20170516,9:25,10:20,11:20
20170516,9:30,10:25,11:25
20170516,9:35,10:30,11:30
20170516,9:40,10:30,11:30
20170516,9:45,10:35,11:35
20170516,9:50,10:40,11:40
20170516,9:55,10:45,11:45
20170516,10:00,10:50,11:50
20170516,10:05,10:55,11:55
20170516,10:10,11:00,12:00
20170516,10:15,11:00,12:00
20170516,10:20,11:05,12:05
20170516,10:25,11:10,12:10
20170516,10:30,11:15,12:15
20170516,10:35,11:20,12:20
20170516,10:40,11:25,12:25
20170516,10:45,11:30,12:30
20170516,10:50,11:40,12:40
20170516,10:55,11:45,12:45
20170516,11:00,11:50,12:50
20170516,11:05,12:00,13:00
20170516,11:10,12:05,13:05
20170516,11:15,12:10,13:10
20170516,11:20,12:15,13:15
20170516,11:25,12:15,13:15
20170516,11:30,12:20,13:20
20170516,11:35,12:25,13:25
20170516,11:40,12:30,13:30
20170516,11:45,12:40,13:40
20170516,11:50,12:50,13:50
20170516,11:55,13:00,14:00
20170516,12:00,13:00,14:00
20170516,12:05,13:05,14:05
20170516,12:10,13:10,14:10
20170516,12:15,13:20,14:20
20170516,12:20,13:25,14:25
20170516,12:25,13:35,14:35
20170516,12:30,13:40,14:40
20170516,12:35,13:50,14:50
20170516,12:40,14:00,15:00
20170516,12:45,14:05,15:05
20170516,12:50,14:15,15:15
20170516,12:55,14:20,15:20
20170516,13:00,14:25,15:25
20170516,13:05,14:35,15:35
20170516,13:10,14:45,15:45
20170516,13:15,14:50,15:50
20170516,13:20,15:00,16:00
20170516,13:25,15:10,16:10
20170516,13:30,15:20,16:20
20170516,13:35,15:30,16:30
20170516,13:40,15:40,16:40
20170516,13:45,15:50,16:50
20170516,13:50,15:55,16:55
20170516,13:55,16:05,17:05
20170516,14:00,16:10,17:10
20170516,14:05,16:20,17:20
20170516,14:10,16:25,17:25
20170516,14:15,16:35,17:35
20170516,14:20,16:40,17:40
20170516,14:25,16:40,17:40
20170516,14:30,16:45,17:45
20170516,14:35,16:50,17:50
20170516,14:40,16:55,17:55
20170516,14:45,17:05,18:05
20170516,14:50,17:10,18:10
20170516,14:55,17:20,18:20
20170516,15:00,17:30,18:30
20170516,15:05,17:40,18:40
20170516,15:10,17:45,18:45
20170516,15:15,18:00,19:00
20170516,15:20,18:05,19:05
20170516,15:25,18:10,19:10
20170516,15:30,18:20,19:20
20170516,15:35,18:35,19:35
20170516,15:40,18:40,19:40
20170516,15:45,18:45,19:45
20170516,15:50,18:50,19:50
20170516,15:55,18:55,19:55
20170516,16:00,18:55,19:55
20170516,16:05,19:05,20:05
20170516,16:10,19:05,20:05
20170516,16:15,19:15,20:15
20170516,16:20,19:15,20:15
20170516,16:25,19:25,20:25
20170516,16:30,19:30,20:30
20170516,16:35,19:35,20:35
20170516,16:40,19:40,20:40
20170516,16:45,19:40,20:40
20170516,16:50,19:45,20:45
20170516,16:55,19:50,20:50
20170516,17:00,19:50,20:50
20170516,17:05,19:55,20:55
20170516,17:10,19:55,20:55
20170516,17:15,20:00,21:00
20170516,17:20,20:05,21:05
20170516,17:25,20:10,21:10
20170516,17:30,20:15,21:15
20170516,17:35,20:20,21:20
20170516,17:40,20:25,21:25
20170516,17:45,20:25,21:25
20170516,17:50,20:30,21:30
20170516,17:55,20:35,21:35
20170516,18:00,20:35,21:35
20170516,18:05,20:40,21:40
20170516,18:10,20:40,21:40
20170516,18:15,20:45,21:45
20170516,18:20,20:50,21:50
20170516,18:25,20:50,21:50
20170516,18:30,20:55,21:55
20170516,18:35,21:00,22:00
20170516,18:40,21:00,22:00
20170516,18:45,21:05,22:00
20170516,18:50,21:05,22:00
20170516,18:55,21:05,22:00
20170516,19:00,21:10,22:00
20170516,19:05,21:10,22:00
20170516,19:10,21:15,22:00
20170516,19:15,21:15,22:00
20170516,19:20,21:15,22:00
20170516,19:25,21:15,22:00
20170516,19:30,21:15,22:00
20170516,19:35,21:20,22:00
20170516,19:40,21:20,22:00
20170516,19:45,21:20,22:00
20170516,19:50,21:20,22:00
20170516,19:55,21:20,22:00
20170516,20:00,21:20,22:00
20170516,20:05,21:20,22:00
20170516,20:10,21:20,22:00
20170516,20:15,21:20,22:00
20170516,20:20,21:25,22:00
20170516,20:25,21:25,22:00
20170516,20:30,21:25,22:00
20170516,20:35,21:25,22:00
20170516,20:40,21:25,22:00
20170516,20:45,21:30,22:00
20170516,20:50,21:30,22:00
20170516,20:55,21:30,22:00
20170516,21:00,21:35,22:00
20170516,21:05,21:40,22:00
20170515,8:35,9:20,10:20
20170515,8:40,9:30,10:30
20170515,8:45,9:50,10:50
20170515,8:50,9:55,10:55
20170515,8:55,10:05,11:05
20170515,9:00,10:10,11:10
20170515,9:05,10:15,11:15
20170515,9:10,10:15,11:15
20170515,9:15,10:25,11:25
20170515,9:20,10:30,11:30
20170515,9:25,10:30,11:30
20170515,9:30,10:35,11:35
20170515,9:35,10:40,11:40
20170515,9:40,10:45,11:45
20170515,9:45,10:50,11:50
20170515,9:50,10:55,11:55
20170515,9:55,11:00,12:00
20170515,10:00,11:00,12:00
20170515,10:05,11:05,12:05
20170515,10:10,11:10,12:10
20170515,10:15,11:10,12:10
20170515,10:20,11:20,12:20
20170515,10:25,11:25,12:25
20170515,10:30,11:30,12:30
20170515,10:35,11:40,12:40
20170515,10:40,11:50,12:50
20170515,10:45,12:00,13:00
20170515,10:50,12:05,13:05
20170515,10:55,12:10,13:10
20170515,11:00,12:20,13:20
20170515,11:05,12:25,13:25
20170515,11:10,12:35,13:35
20170515,11:15,12:40,13:40
20170515,11:20,12:45,13:45
20170515,11:25,12:55,13:55
20170515,11:30,13:00,14:00
20170515,11:35,13:05,14:05
20170515,11:40,13:20,14:20
20170515,11:45,13:25,14:25
20170515,11:50,13:35,14:35
20170515,11:55,13:50,14:50
20170515,12:00,13:55,14:55
20170515,12:05,14:05,15:05
20170515,12:10,14:10,15:10
20170515,12:15,14:15,15:15
20170515,12:20,14:25,15:25
20170515,12:25,14:35,15:35
20170515,12:30,14:45,15:45
20170515,12:35,15:00,16:00
20170515,12:40,15:10,16:10
20170515,12:45,15:15,16:15
20170515,12:50,15:25,16:25
20170515,12:55,15:35,16:35
20170515,13:00,15:40,16:40
20170515,13:05,15:50,16:50
20170515,13:10,15:55,16:55
20170515,13:15,16:00,17:00
20170515,13:20,16:10,17:10
20170515,13:25,16:15,17:15
20170515,13:30,16:20,17:20
20170515,13:35,16:30,17:30
20170515,13:40,16:35,17:35
20170515,13:45,16:45,17:45
20170515,13:50,16:45,17:45
20170515,13:55,16:55,17:55
20170515,14:00,17:00,18:00
20170515,14:05,17:10,18:10
20170515,14:10,17:20,18:20
20170515,14:15,17:25,18:25
20170515,14:20,17:30,18:30
20170515,14:25,17:35,18:35
20170515,14:30,17:35,18:35
20170515,14:35,17:40,18:40
20170515,14:40,17:55,18:55
20170515,14:45,18:00,19:00
20170515,14:50,18:10,19:10
20170515,14:55,18:25,19:25
20170515,15:00,18:30,19:30
20170515,15:05,18:40,19:40
20170515,15:10,18:45,19:45
20170515,15:15,18:50,19:50
20170515,15:20,18:55,19:55
20170515,15:25,19:00,20:00
20170515,15:30,19:05,20:05
20170515,15:35,19:10,20:10
20170515,15:40,19:10,20:10
20170515,15:45,19:20,20:20
20170515,15:50,19:25,20:25
20170515,15:55,19:25,20:25
20170515,16:00,19:30,20:30
20170515,16:05,19:40,20:40
20170515,16:10,19:40,20:40
20170515,16:15,19:50,20:50
20170515,16:20,19:50,20:50
20170515,16:25,20:00,21:00
20170515,16:30,20:05,21:05
20170515,16:35,20:10,21:10
20170515,16:40,20:15,21:15
20170515,16:45,20:20,21:20
20170515,16:50,20:20,21:20
20170515,16:55,20:25,21:25
20170515,17:00,20:25,21:25
20170515,17:05,20:30,21:30
20170515,17:10,20:30,21:30
20170515,17:15,20:35,21:35
20170515,17:20,20:35,21:35
20170515,17:25,20:40,21:40
20170515,17:30,20:45,21:45
20170515,17:35,20:50,21:50
20170515,17:40,20:50,21:50
20170515,17:45,20:55,21:55
20170515,17:50,21:00,22:00
20170515,17:55,21:00,22:00
20170515,18:00,21:05,22:00
20170515,18:05,21:05,22:00
20170515,18:10,21:10,22:00
20170515,18:15,21:15,22:00
20170515,18:20,21:15,22:00
20170515,18:25,21:20,22:00
20170515,18:30,21:20,22:00
20170515,18:35,21:25,22:00
20170515,18:40,21:25,22:00
20170515,18:45,21:30,22:00
20170515,18:50,21:30,22:00
20170515,18:55,21:30,22:00
20170515,19:00,21:35,22:00
20170515,19:05,21:35,22:00
20170515,19:10,21:35,22:00
20170515,19:15,21:35,22:00
20170515,19:20,21:40,22:00
20170515,19:25,21:40,22:00
20170515,19:30,21:40,22:00
20170515,19:35,21:40,22:00
20170515,19:40,21:40,22:00
20170515,19:45,21:40,22:00
20170514,8:05,8:55,9:55
20170514,8:10,9:10,10:10
20170514,8:15,9:30,10:30
20170514,8:20,9:50,10:50
20170514,8:25,10:15,11:15
20170514,8:30,10:35,11:35
20170514,8:35,10:55,11:55
20170514,8:40,11:05,12:05
20170514,8:45,11:15,12:15
20170514,8:50,11:25,12:25
20170514,8:55,11:35,12:35
20170514,9:00,11:50,12:50
20170514,9:05,12:00,13:00
20170514,12:55,21:35,22:00
20170514,13:00,21:40,22:00
20170513,8:05,8:50,9:50
20170513,8:10,9:05,10:05
20170513,8:15,9:30,10:30
20170513,8:20,9:45,10:45
20170513,8:25,10:10,11:10
20170513,8:30,10:20,11:20
20170513,8:35,10:25,11:25
20170513,8:40,10:30,11:30
20170513,8:45,10:40,11:40
20170513,8:50,10:45,11:45
20170513,8:55,10:50,11:50
20170513,9:00,10:55,11:55
20170513,9:05,11:00,12:00
20170513,9:10,11:10,12:10
20170513,9:15,11:15,12:15
20170513,9:20,11:25,12:25
20170513,9:25,11:35,12:35
20170513,9:30,11:45,12:45
20170513,9:35,11:55,12:55
20170513,9:40,12:00,13:00
20170513,9:45,12:10,13:10
20170513,9:50,12:20,13:20
20170513,9:55,12:30,13:30
20170513,10:00,12:40,13:40
20170513,10:05,12:50,13:50
20170513,10:10,13:00,14:00
20170513,10:15,13:15,14:15
20170513,10:20,13:25,14:25
20170513,10:25,13:40,14:40
20170513,10:30,13:50,14:50
20170513,10:35,14:10,15:10
20170513,10:40,14:25,15:25
20170513,10:45,14:45,15:45
20170513,10:50,15:00,16:00
20170513,10:55,15:10,16:10
20170513,11:00,15:25,16:25
20170513,11:05,15:35,16:35
20170513,11:10,15:45,16:45
20170513,11:15,16:00,17:00
20170513,11:20,16:10,17:10
20170513,11:25,16:15,17:15
20170513,11:30,16:35,17:35
20170513,11:35,16:50,17:50
20170513,11:40,17:05,18:05
20170513,11:45,17:20,18:20
20170513,11:50,17:35,18:35
20170513,11:55,17:45,18:45
20170513,12:00,18:05,19:05
20170513,12:05,18:20,19:20
20170513,12:10,18:45,19:45
20170513,12:15,18:55,19:55
20170513,12:20,19:10,20:10
20170513,12:25,19:20,20:20
20170513,12:30,19:40,20:40
20170513,12:35,20:05,21:05
20170513,12:40,20:15,21:15
20170513,12:45,20:30,21:30
20170513,12:50,20:35,21:35
20170513,12:55,20:45,21:45
20170513,13:00,20:55,21:55
20170513,13:05,21:00,22:00
20170513,13:10,21:10,22:00
20170513,13:15,21:20,22:00
20170513,13:20,21:25,22:00
20170513,13:25,21:30,22:00
20170513,13:30,21:35,22:00
20170513,13:35,21:40,22:00
20170513,13:40,21:40,22:00
20170526,9:05,9:45,10:45
20170526,9:10,9:55,10:55
20170526,9:15,10:10,11:10
20170526,9:20,10:20,11:20
20170526,9:25,10:30,11:30
20170526,9:30,10:35,11:35
20170526,9:35,10:40,11:40
20170526,9:40,10:50,11:50
20170526,9:45,11:00,12:00
20170526,9:50,11:05,12:05
20170526,9:55,11:15,12:15
20170526,10:00,11:20,12:20
20170526,10:05,11:25,12:25
20170526,10:10,11:35,12:35
20170526,10:15,11:50,12:50
20170526,10:20,11:55,12:55
20170526,10:25,12:05,13:05
20170526,10:30,12:15,13:15
20170526,10:35,12:25,13:25
20170526,10:40,12:30,13:30
20170526,10:45,12:40,13:40
20170526,10:50,12:50,13:50
20170526,10:55,13:00,14:00
20170526,11:00,13:10,14:10
20170526,11:05,13:20,14:20
20170526,11:10,13:25,14:25
20170526,11:15,13:35,14:35
20170526,11:20,13:40,14:40
20170526,11:25,13:50,14:50
20170526,11:30,13:55,14:55
20170526,11:35,14:05,15:05
20170526,11:40,14:10,15:10
20170526,11:45,14:20,15:20
20170526,11:50,14:30,15:30
20170526,11:55,14:40,15:40
20170526,12:00,14:50,15:50
20170526,12:05,15:00,16:00
20170526,12:10,15:05,16:05
20170526,12:15,15:20,16:20
20170526,12:20,15:25,16:25
20170526,12:25,15:30,16:30
20170526,12:30,15:35,16:35
20170526,12:35,15:45,16:45
20170526,12:40,15:45,16:45
20170526,12:45,15:55,16:55
20170526,12:50,16:00,17:00
20170526,12:55,16:05,17:05
20170526,13:00,16:10,17:10
20170526,13:05,16:15,17:15
20170525,9:05,9:45,10:45
20170525,9:10,9:50,10:50
20170525,9:15,10:00,11:00
20170525,9:20,10:10,11:10
20170525,9:25,10:15,11:15
20170525,9:30,10:20,11:20
20170525,9:35,10:30,11:30
20170525,9:40,10:35,11:35
20170525,9:45,10:40,11:40
20170525,9:50,10:45,11:45
20170525,9:55,10:55,11:55
20170525,10:00,11:00,12:00
20170525,10:05,11:05,12:05
20170525,10:10,11:10,12:10
20170525,10:15,11:15,12:15
20170525,10:20,11:25,12:25
20170525,10:25,11:30,12:30
20170525,10:30,11:40,12:40
20170525,10:35,11:55,12:55
20170525,10:40,12:00,13:00
20170525,10:45,12:05,13:05
20170525,10:50,12:15,13:15
20170525,10:55,12:25,13:25
20170525,11:00,12:25,13:25
20170525,11:05,12:35,13:35
20170525,11:10,12:40,13:40
20170525,11:15,12:45,13:45
20170525,11:20,12:45,13:45
20170525,11:25,12:50,13:50
20170525,11:30,13:00,14:00
20170525,11:35,13:10,14:10
20170525,11:40,13:15,14:15
20170525,11:45,13:20,14:20
20170525,11:50,13:25,14:25
20170525,11:55,13:30,14:30
20170525,12:00,13:35,14:35
20170525,12:05,13:40,14:40
20170525,12:10,13:50,14:50
20170525,12:15,14:00,15:00
20170525,12:20,14:05,15:05
20170525,12:25,14:10,15:10
20170525,12:30,14:20,15:20
20170525,12:35,14:25,15:25
20170525,12:40,14:30,15:30
20170525,12:45,14:40,15:40
20170525,12:50,14:45,15:45
20170525,12:55,14:55,15:55
20170525,13:00,15:00,16:00
20170525,13:05,15:10,16:10
20170525,13:10,15:10,16:10
20170525,13:15,15:20,16:20
20170525,13:20,15:25,16:25
20170525,13:25,15:30,16:30
20170525,13:30,15:35,16:35
20170525,13:35,15:40,16:40
20170525,13:40,15:40,16:40
20170525,13:45,15:50,16:50
20170525,13:50,15:55,16:55
20170525,13:55,16:00,17:00
20170525,14:00,16:05,17:05
20170525,14:05,16:10,17:10
20170525,14:10,16:20,17:20
20170525,14:15,16:25,17:25
20170525,14:20,16:25,17:25
20170525,14:25,16:30,17:30
20170525,14:30,16:35,17:35
20170525,14:35,16:35,17:35
20170525,14:40,16:40,17:40
20170525,14:45,16:50,17:50
20170525,14:50,16:55,17:55
20170525,14:55,17:05,18:05
20170525,15:00,17:10,18:10
20170525,15:05,17:15,18:15
20170525,15:10,17:20,18:20
20170525,15:15,17:25,18:25
20170525,15:20,17:35,18:35
20170525,15:25,17:45,18:45
20170525,15:30,17:45,18:45
20170525,15:35,17:55,18:55
20170525,15:40,18:00,19:00
20170525,15:45,18:10,19:10
20170525,15:50,18:15,19:15
20170525,15:55,18:20,19:20
20170525,16:00,18:25,19:25
20170525,16:05,18:35,19:35
20170525,16:10,18:40,19:40
20170525,16:15,18:50,19:50
20170525,16:20,18:50,19:50
20170525,16:25,18:55,19:55
20170525,16:30,19:05,20:05
20170525,16:35,19:05,20:05
20170525,16:40,19:10,20:10
20170525,16:45,19:15,20:15
20170525,16:50,19:20,20:20
20170525,16:55,19:25,20:25
20170525,17:00,19:25,20:25
20170525,17:05,19:35,20:35
20170525,17:10,19:35,20:35
20170525,17:15,19:40,20:40
20170525,17:20,19:45,20:45
20170525,17:25,19:50,20:50
20170525,17:30,20:00,21:00
20170525,17:35,20:00,21:00
20170525,17:40,20:10,21:10
20170525,17:45,20:15,21:15
20170525,17:50,20:20,21:20
20170525,17:55,20:25,21:25
20170525,18:00,20:30,21:30
20170525,18:05,20:30,21:30
20170525,18:10,20:35,21:35
20170525,18:15,20:40,21:40
20170525,18:20,20:45,21:45
20170525,18:25,20:50,21:50
20170525,18:30,20:55,21:55
20170525,18:35,21:00,22:00
20170525,18:40,21:00,22:00
20170525,18:45,21:05,22:00
20170525,18:50,21:05,22:00
20170525,18:55,21:10,22:00
20170525,19:00,21:15,22:00
20170525,19:05,21:15,22:00
20170525,19:10,21:15,22:00
20170525,19:15,21:20,22:00
20170525,19:20,21:20,22:00
20170525,19:25,21:20,22:00
20170525,19:30,21:20,22:00
20170525,19:35,21:20,22:00
20170525,19:40,21:25,22:00
20170525,19:45,21:25,22:00
20170524,9:05,9:45,10:45
20170524,9:10,9:55,10:55
20170524,9:15,10:00,11:00
20170524,9:20,10:15,11:15
20170524,9:25,10:20,11:20
20170524,9:30,10:25,11:25
20170524,9:35,10:30,11:30
20170524,9:40,10:30,11:30
20170524,9:45,10:35,11:35
20170524,9:50,10:35,11:35
20170524,9:55,10:40,11:40
20170524,10:00,10:50,11:50
20170524,10:05,10:50,11:50
20170524,10:10,10:55,11:55
20170524,10:15,11:05,12:05
20170524,10:20,11:05,12:05
20170524,10:25,11:15,12:15
20170524,10:30,11:15,12:15
20170524,10:35,11:25,12:25
20170524,10:40,11:25,12:25
20170524,10:45,11:30,12:30
20170524,10:50,11:35,12:35
20170524,10:55,11:45,12:45
20170524,11:00,11:50,12:50
20170524,11:05,11:55,12:55
20170524,11:10,12:00,13:00
20170524,11:15,12:05,13:05
20170524,11:20,12:10,13:10
20170524,11:25,12:15,13:15
20170524,11:30,12:15,13:15
20170524,11:35,12:20,13:20
20170524,11:40,12:30,13:30
20170524,11:45,12:40,13:40
20170524,11:50,12:45,13:45
20170524,11:55,12:55,13:55
20170524,12:00,13:00,14:00
20170524,12:05,13:10,14:10
20170524,12:10,13:15,14:15
20170524,12:15,13:20,14:20
20170524,12:20,13:25,14:25
20170524,12:25,13:35,14:35
20170524,12:30,13:40,14:40
20170524,12:35,13:50,14:50
20170524,12:40,13:55,14:55
20170524,12:45,14:05,15:05
20170524,12:50,14:10,15:10
20170524,12:55,14:20,15:20
20170524,13:00,14:25,15:25
20170524,13:05,14:35,15:35
20170524,13:10,14:45,15:45
20170524,13:15,14:55,15:55
20170524,13:20,15:00,16:00
20170524,13:25,15:05,16:05
20170524,13:30,15:10,16:10
20170524,13:35,15:15,16:15
20170524,13:40,15:20,16:20
20170524,13:45,15:25,16:25
20170524,13:50,15:30,16:30
20170524,13:55,15:35,16:35
20170524,14:00,15:40,16:40
20170524,14:05,15:45,16:45
20170524,14:10,15:50,16:50
20170524,14:15,15:55,16:55
20170524,14:20,16:00,17:00
20170524,14:25,16:05,17:05
20170524,14:30,16:10,17:10
20170524,14:35,16:10,17:10
20170524,14:40,16:15,17:15
20170524,14:45,16:25,17:25
20170524,14:50,16:30,17:30
20170524,14:55,16:40,17:40
20170524,15:00,16:45,17:45
20170524,15:05,16:50,17:50
20170524,15:10,17:00,18:00
20170524,15:15,17:05,18:05
20170524,15:20,17:10,18:10
20170524,15:25,17:15,18:15
20170524,15:30,17:25,18:25
20170524,15:35,17:30,18:30
20170524,15:40,17:40,18:40
20170524,15:45,17:50,18:50
20170524,15:50,17:55,18:55
20170524,15:55,18:00,19:00
20170524,16:00,18:05,19:05
20170524,16:05,18:15,19:15
20170524,16:10,18:20,19:20
20170524,16:15,18:30,19:30
20170524,16:20,18:35,19:35
20170524,16:25,18:45,19:45
20170524,16:30,18:50,19:50
20170524,16:35,18:55,19:55
20170524,16:40,19:00,20:00
20170524,16:45,19:05,20:05
20170524,16:50,19:05,20:05
20170524,16:55,19:15,20:15
20170524,17:00,19:15,20:15
20170524,17:05,19:20,20:20
20170524,17:10,19:20,20:20
20170524,17:15,19:25,20:25
20170524,17:20,19:25,20:25
20170524,17:25,19:35,20:35
20170524,17:30,19:40,20:40
20170524,17:35,19:40,20:40
20170524,17:40,19:50,20:50
20170524,17:45,19:55,20:55
20170524,17:50,20:00,21:00
20170524,17:55,20:05,21:05
20170524,18:00,20:05,21:05
20170524,18:05,20:10,21:10
20170524,18:10,20:15,21:15
20170524,18:15,20:20,21:20
20170524,18:20,20:25,21:25
20170524,18:25,20:25,21:25
20170524,18:30,20:30,21:30
20170524,18:35,20:35,21:35
20170524,18:40,20:35,21:35
20170524,18:45,20:35,21:35
20170524,18:50,20:40,21:40
20170524,18:55,20:40,21:40
20170524,19:00,20:45,21:45
20170524,19:05,20:45,21:45
20170524,19:10,20:50,21:50
20170524,19:15,20:50,21:50
20170524,19:20,20:55,21:55
20170524,19:25,20:55,21:55
20170524,19:30,21:00,22:00
20170524,19:35,21:00,22:00
20170524,19:40,21:00,22:00
20170524,19:45,21:00,22:00
20170523,9:05,9:50,10:50
20170523,9:10,9:55,10:55
20170523,9:15,10:10,11:10
20170523,9:20,10:15,11:15
20170523,9:25,10:20,11:20
20170523,9:30,10:25,11:25
20170523,9:35,10:30,11:30
20170523,9:40,10:30,11:30
20170523,9:45,10:35,11:35
20170523,9:50,10:40,11:40
20170523,9:55,10:40,11:40
20170523,10:00,10:45,11:45
20170523,10:05,10:50,11:50
20170523,10:10,10:55,11:55
20170523,10:15,11:00,12:00
20170523,10:20,11:05,12:05
20170523,10:25,11:10,12:10
20170523,10:30,11:20,12:20
20170523,10:35,11:25,12:25
20170523,10:40,11:30,12:30
20170523,10:45,11:40,12:40
20170523,10:50,11:45,12:45
20170523,10:55,11:50,12:50
20170523,11:00,11:50,12:50
20170523,11:05,11:50,12:50
20170523,11:10,11:50,12:50
20170523,11:15,11:50,12:50
20170523,11:20,11:55,12:55
20170523,11:25,12:00,13:00
20170523,11:30,12:10,13:10
20170523,11:35,12:15,13:15
20170523,11:40,12:25,13:25
20170523,11:45,12:35,13:35
20170523,11:50,12:45,13:45
20170523,11:55,12:55,13:55
20170523,12:00,13:00,14:00
20170523,12:05,13:10,14:10
20170523,12:10,13:15,14:15
20170523,12:15,13:25,14:25
20170523,12:20,13:30,14:30
20170523,13:50,15:40,16:40
20170523,13:55,15:45,16:45
20170523,14:00,15:55,16:55
20170523,14:10,16:10,17:10
20170523,14:15,16:20,17:20
20170523,14:20,16:25,17:25
20170523,14:25,16:30,17:30
20170523,14:30,16:40,17:40
20170523,14:35,16:45,17:45
20170523,14:40,16:55,17:55
20170523,14:45,17:05,18:05
20170523,14:50,17:10,18:10
20170523,14:55,17:55,18:55
20170523,15:00,18:00,19:00
20170523,15:05,18:10,19:10
20170523,15:10,18:20,19:20
20170523,15:15,18:30,19:30
20170523,15:20,18:40,19:40
20170523,15:25,18:50,19:50
20170523,15:30,18:55,19:55
20170523,15:35,18:55,19:55
20170523,15:40,19:05,20:05
20170523,15:45,19:15,20:15
20170523,15:50,19:15,20:15
20170523,15:55,19:20,20:20
20170523,16:00,19:25,20:25
20170523,16:05,19:30,20:30
20170523,16:10,19:40,20:40
20170523,16:15,19:50,20:50
20170523,16:20,19:50,20:50
20170523,16:25,20:00,21:00
20170523,16:30,20:05,21:05
20170523,16:35,20:10,21:10
20170523,16:40,20:15,21:15
20170523,16:45,20:20,21:20
20170523,16:50,20:25,21:25
20170523,16:55,20:25,21:25
20170523,17:00,20:30,21:30
20170523,17:05,20:30,21:30
20170523,17:10,20:35,21:35
20170523,17:15,20:35,21:35
20170523,17:20,20:40,21:40
20170523,17:25,20:45,21:45
20170523,17:30,20:50,21:50
20170523,17:35,20:50,21:50
20170523,17:40,20:55,21:55
20170523,17:45,21:00,22:00
20170523,17:50,21:00,22:00
20170523,17:55,21:00,22:00
20170523,18:00,21:05,22:00
20170523,18:05,21:05,22:00
20170523,18:10,21:10,22:00
20170523,18:15,21:15,22:00
20170523,18:20,21:15,22:00
20170523,18:25,21:15,22:00
20170523,18:30,21:20,22:00
20170523,18:35,21:20,22:00
20170523,18:40,21:25,22:00
20170523,18:45,21:25,22:00
20170523,18:50,21:25,22:00
20170523,18:55,21:25,22:00
20170523,19:00,21:30,22:00
20170523,19:05,21:30,22:00
20170523,19:10,21:30,22:00
20170523,19:15,21:35,22:00
20170523,19:20,21:35,22:00
20170523,19:25,21:35,22:00
20170523,19:30,21:35,22:00
20170523,19:35,21:40,22:00
20170523,19:40,21:40,22:00
20170523,19:45,21:40,22:00
20170523,19:50,21:40,22:00
20170522,8:35,9:30,10:30
20170522,8:40,9:45,10:45
20170522,8:45,10:10,11:10
20170522,8:50,10:30,11:30
20170522,8:55,10:50,11:50
20170522,9:00,11:10,12:10
20170522,9:05,11:25,12:25
20170522,9:10,11:30,12:30
20170522,9:15,11:40,12:40
20170522,9:20,11:55,12:55
20170522,9:25,12:10,13:10
20170522,9:30,12:15,13:15
20170522,9:35,12:25,13:25
20170522,9:40,12:35,13:35
20170522,9:45,12:40,13:40
20170522,9:50,12:50,13:50
20170522,9:55,13:00,14:00
20170522,10:00,13:05,14:05
20170522,10:05,13:10,14:10
20170522,10:10,13:20,14:20
20170522,10:15,13:30,14:30
20170522,10:20,13:35,14:35
20170522,10:25,13:45,14:45
20170522,10:30,13:50,14:50
20170522,10:35,13:55,14:55
20170522,10:40,14:05,15:05
20170522,10:45,14:10,15:10
20170522,10:50,14:20,15:20
20170522,10:55,14:35,15:35
20170522,11:00,14:50,15:50
20170522,11:05,15:05,16:05
20170522,11:10,15:20,16:20
20170522,11:15,15:30,16:30
20170522,11:20,15:40,16:40
20170522,11:25,15:50,16:50
20170522,11:30,16:00,17:00
20170522,11:35,16:10,17:10
20170522,11:40,16:30,17:30
20170522,11:45,16:45,17:45
20170522,11:50,16:55,17:55
20170522,11:55,17:05,18:05
20170522,12:00,17:20,18:20
20170522,12:05,17:30,18:30
20170522,12:10,17:45,18:45
20170522,12:15,18:00,19:00
20170522,12:20,18:10,19:10
20170522,12:25,18:25,19:25
20170522,12:30,18:35,19:35
20170522,12:35,18:50,19:50
20170522,12:40,18:55,19:55
20170522,12:45,19:05,20:05
20170522,12:50,19:10,20:10
20170522,12:55,19:20,20:20
20170522,13:00,19:30,20:30
20170522,13:05,19:40,20:40
20170522,13:10,19:50,20:50
20170522,13:15,20:05,21:05
20170522,13:20,20:10,21:10
20170522,13:25,20:20,21:20
20170522,13:30,20:25,21:25
20170522,13:35,20:35,21:35
20170522,13:40,20:40,21:40
20170522,13:45,20:50,21:50
20170522,13:50,21:00,22:00
20170522,13:55,21:05,22:00
20170522,14:00,21:10,22:00
20170522,14:05,21:15,22:00
20170522,14:10,21:20,22:00
20170522,14:15,21:25,22:00
20170522,14:20,21:25,22:00
20170522,14:25,21:30,22:00
20170522,14:30,21:30,22:00
20170522,14:35,21:35,22:00
20170522,14:40,21:40,22:00
20170521,8:05,8:50,9:50
20170521,8:10,9:05,10:05
20170521,8:15,9:20,10:20
20170521,8:20,9:40,10:40
20170521,8:25,10:05,11:05
20170521,8:30,10:20,11:20
20170521,8:35,10:35,11:35
20170521,8:40,10:45,11:45
20170521,8:45,10:55,11:55
20170521,8:50,11:00,12:00
20170521,8:55,11:10,12:10
20170521,9:00,11:15,12:15
20170521,9:05,11:20,12:20
20170521,9:10,11:30,12:30
20170521,9:15,11:45,12:45
20170521,9:20,11:55,12:55
20170521,9:25,12:05,13:05
20170521,9:30,12:10,13:10
20170521,9:35,12:20,13:20
20170521,9:40,12:25,13:25
20170521,9:45,12:35,13:35
20170521,9:50,12:45,13:45
20170521,9:55,12:50,13:50
20170521,10:00,13:00,14:00
20170521,10:05,13:10,14:10
20170521,10:10,13:15,14:15
20170521,10:15,13:30,14:30
20170521,10:20,13:40,14:40
20170521,10:25,14:00,15:00
20170521,10:30,14:10,15:10
20170521,11:30,16:35,17:35
20170521,11:35,16:55,17:55
20170521,11:40,17:10,18:10
20170521,11:45,17:30,18:30
20170521,11:50,17:50,18:50
20170521,11:55,18:00,19:00
20170521,12:00,18:30,19:30
20170521,12:05,18:45,19:45
20170521,12:10,18:55,19:55
20170521,12:15,19:05,20:05
20170521,12:20,19:20,20:20
20170521,12:25,19:30,20:30
20170521,12:30,19:50,20:50
20170521,12:35,20:05,21:05
20170521,12:40,20:25,21:25
20170521,12:45,20:40,21:40
20170521,12:50,20:50,21:50
20170521,12:55,21:05,22:00
20170521,13:00,21:10,22:00
20170521,13:05,21:20,22:00
20170521,13:10,21:30,22:00
20170521,13:15,21:35,22:00
20170521,13:20,21:40,22:00
20170520,8:05,8:55,9:55
20170520,8:10,9:10,10:10
20170520,8:15,9:30,10:30
20170520,8:20,9:45,10:45
20170520,8:25,10:15,11:15
20170520,8:30,10:30,11:30
20170520,8:35,10:55,11:55
20170520,8:40,11:15,12:15
20170520,8:45,11:30,12:30
20170520,8:50,11:45,12:45
20170520,8:55,12:00,13:00
20170520,9:00,12:10,13:10
20170520,9:05,12:20,13:20
20170520,9:10,12:35,13:35
20170520,9:15,12:45,13:45
20170520,9:20,12:55,13:55
20170520,9:25,13:10,14:10
20170520,9:30,13:20,14:20
20170520,9:35,13:30,14:30
20170520,9:40,13:40,14:40
20170520,9:45,14:00,15:00
20170520,9:50,14:10,15:10
20170520,9:55,14:25,15:25
20170520,10:00,14:40,15:40
20170520,10:05,14:50,15:50
20170520,10:10,15:05,16:05
20170520,10:15,15:25,16:25
20170520,10:20,15:40,16:40
20170520,10:25,16:00,17:00
20170520,10:30,16:15,17:15
20170520,10:35,16:40,17:40
20170520,10:40,17:00,18:00
20170520,10:45,17:30,18:30
20170520,10:50,17:55,18:55
20170520,10:55,18:30,19:30
20170520,11:00,18:55,19:55
20170520,11:05,19:15,20:15
20170520,11:10,19:35,20:35
20170520,11:15,20:05,21:05
20170520,11:20,20:20,21:20
20170520,11:25,20:30,21:30
20170520,11:30,20:50,21:50
20170520,11:35,21:00,22:00
20170520,11:40,21:25,22:00
20170602,9:05,9:55,10:55
20170602,9:10,10:10,11:10
20170602,9:15,10:30,11:30
20170602,9:20,10:45,11:45
20170602,9:25,11:05,12:05
20170602,9:30,11:15,12:15
20170602,9:35,11:35,12:35
20170602,9:40,11:50,12:50
20170602,9:45,12:05,13:05
20170602,9:50,12:25,13:25
20170602,9:55,12:35,13:35
20170602,10:00,12:45,13:45
20170602,10:05,13:00,14:00
20170602,10:10,13:05,14:05
20170602,10:15,13:20,14:20
20170602,10:20,13:25,14:25
20170602,10:25,13:40,14:40
20170602,10:30,13:50,14:50
20170602,10:35,14:00,15:00
20170602,10:40,14:10,15:10
20170602,10:45,14:20,15:20
20170602,10:50,14:25,15:25
20170602,10:55,14:45,15:45
20170602,11:00,15:00,16:00
20170602,11:05,15:05,16:05
20170602,11:10,15:25,16:25
20170602,11:15,15:35,16:35
20170602,11:20,15:50,16:50
20170602,11:25,16:05,17:05
20170602,11:30,16:15,17:15
20170602,11:35,16:30,17:30
20170602,11:40,16:45,17:45
20170602,11:45,17:00,18:00
20170602,11:50,17:20,18:20
20170602,11:55,18:00,19:00
20170602,12:00,18:20,19:20
20170602,12:05,18:45,19:45
20170602,12:10,19:00,20:00
20170602,12:15,19:15,20:15
20170602,12:20,19:25,20:25
20170602,12:25,19:50,20:50
20170602,12:30,20:05,21:05
20170602,12:35,20:20,21:20
20170602,12:40,20:35,21:35
20170602,12:45,20:45,21:45
20170602,12:50,21:00,22:00
20170602,12:55,21:10,22:00
20170602,13:00,21:25,22:00
20170602,13:05,21:30,22:00
20170602,13:10,21:40,22:00
20170601,9:05,9:45,10:45
20170601,9:10,10:00,11:00
20170601,9:15,10:20,11:20
20170601,9:20,10:35,11:35
20170601,9:25,10:55,11:55
20170601,9:30,10:55,11:55
20170601,9:35,11:05,12:05
20170601,9:40,11:10,12:10
20170601,9:45,11:20,12:20
20170601,9:50,11:25,12:25
20170601,9:55,11:40,12:40
20170601,10:00,11:45,12:45
20170601,10:05,11:55,12:55
20170601,10:10,12:00,13:00
20170601,10:15,12:10,13:10
20170601,10:20,12:15,13:15
20170601,10:25,12:20,13:20
20170601,10:30,12:25,13:25
20170601,10:35,12:30,13:30
20170601,10:40,12:35,13:35
20170601,10:45,12:40,13:40
20170601,10:50,12:50,13:50
20170601,10:55,12:55,13:55
20170601,11:00,12:55,13:55
20170601,11:05,13:00,14:00
20170601,11:10,13:05,14:05
20170601,11:15,13:05,14:05
20170601,11:20,13:10,14:10
20170601,11:25,13:15,14:15
20170601,11:30,13:15,14:15
20170601,11:35,13:20,14:20
20170601,11:40,13:30,14:30
20170601,11:45,13:35,14:35
20170601,11:50,13:40,14:40
20170601,11:55,13:50,14:50
20170601,12:00,13:55,14:55
20170601,12:05,14:05,15:05
20170601,12:10,14:10,15:10
20170601,12:15,14:20,15:20
20170601,12:20,14:25,15:25
20170601,12:25,14:35,15:35
20170601,12:30,14:40,15:40
20170601,12:35,14:50,15:50
20170601,12:40,15:00,16:00
20170601,12:45,15:05,16:05
20170601,12:50,15:15,16:15
20170601,12:55,15:20,16:20
20170601,13:00,15:25,16:25
20170601,13:05,15:35,16:35
20170601,13:10,15:40,16:40
20170601,13:15,15:50,16:50
20170601,13:20,15:55,16:55
20170601,13:25,16:00,17:00
20170601,13:30,16:10,17:10
20170601,13:35,16:15,17:15
20170601,13:40,16:20,17:20
20170601,13:45,16:30,17:30
20170601,13:50,16:35,17:35
20170601,13:55,16:45,17:45
20170601,14:00,16:50,17:50
20170601,14:35,18:05,19:05
20170601,14:40,18:15,19:15
20170601,14:45,18:25,19:25
20170601,14:50,18:35,19:35
20170601,14:55,18:40,19:40
20170601,15:00,18:50,19:50
20170601,15:05,18:50,19:50
20170601,15:10,18:55,19:55
20170601,15:15,19:00,20:00
20170601,15:20,19:05,20:05
20170601,15:25,19:10,20:10
20170601,15:30,19:15,20:15
20170601,15:35,19:20,20:20
20170601,15:40,19:25,20:25
20170601,15:45,19:30,20:30
20170601,15:50,19:35,20:35
20170601,15:55,19:45,20:45
20170601,16:00,19:50,20:50
20170601,16:05,20:00,21:00
20170601,16:10,20:05,21:05
20170601,16:15,20:15,21:15
20170601,16:20,20:20,21:20
20170601,16:25,20:20,21:20
20170601,16:30,20:25,21:25
20170601,16:35,20:30,21:30
20170601,16:40,20:35,21:35
20170601,16:45,20:35,21:35
20170601,16:50,20:40,21:40
20170601,16:55,20:40,21:40
20170601,17:00,20:45,21:45
20170601,17:05,20:45,21:45
20170601,17:10,20:50,21:50
20170601,17:15,20:50,21:50
20170601,17:20,20:55,21:55
20170601,17:25,21:00,22:00
20170601,17:30,21:00,22:00
20170601,17:35,21:05,22:00
20170601,17:40,21:05,22:00
20170601,17:45,21:10,22:00
20170601,17:50,21:15,22:00
20170601,17:55,21:15,22:00
20170601,18:00,21:20,22:00
20170601,18:05,21:20,22:00
20170601,18:10,21:25,22:00
20170601,18:15,21:25,22:00
20170601,18:20,21:30,22:00
20170601,18:25,21:30,22:00
20170601,18:30,21:30,22:00
20170601,18:35,21:35,22:00
20170601,18:40,21:35,22:00
20170601,18:45,21:35,22:00
20170601,18:50,21:40,22:00
20170601,18:55,21:40,22:00
20170601,19:00,21:40,22:00
20170531,9:05,9:45,10:45
20170531,9:10,9:50,10:50
20170531,9:15,10:05,11:05
20170531,9:20,10:10,11:10
20170531,9:25,10:20,11:20
20170531,9:30,10:25,11:25
20170531,9:35,10:30,11:30
20170531,9:40,10:35,11:35
20170531,9:45,10:40,11:40
20170531,9:50,10:40,11:40
20170531,9:55,10:50,11:50
20170531,10:00,10:55,11:55
20170531,10:05,11:00,12:00
20170531,10:10,11:00,12:00
20170531,10:15,11:05,12:05
20170531,10:20,11:10,12:10
20170531,10:25,11:15,12:15
20170531,10:30,11:15,12:15
20170531,10:35,11:25,12:25
20170531,10:40,11:25,12:25
20170531,10:45,11:35,12:35
20170531,10:50,11:45,12:45
20170531,10:55,11:50,12:50
20170531,11:00,12:00,13:00
20170531,11:05,12:05,13:05
20170531,11:10,12:05,13:05
20170531,11:15,12:10,13:10
20170531,11:20,12:15,13:15
20170531,11:25,12:20,13:20
20170531,11:30,12:25,13:25
20170531,11:35,12:35,13:35
20170531,11:40,12:40,13:40
20170531,11:45,12:50,13:50
20170531,11:50,12:55,13:55
20170531,11:55,13:05,14:05
20170531,12:00,13:10,14:10
20170531,12:05,13:20,14:20
20170531,12:10,13:25,14:25
20170531,12:15,13:30,14:30
20170531,12:20,13:40,14:40
20170531,12:25,13:45,14:45
20170531,12:30,13:55,14:55
20170531,12:35,14:00,15:00
20170531,12:40,14:10,15:10
20170531,12:45,14:20,15:20
20170531,12:50,14:25,15:25
20170531,12:55,14:35,15:35
20170531,13:00,14:40,15:40
20170531,13:05,14:45,15:45
20170531,13:10,14:55,15:55
20170531,13:15,15:05,16:05
20170531,13:20,15:10,16:10
20170531,13:25,15:15,16:15
20170531,13:30,15:20,16:20
20170531,13:35,15:35,16:35
20170531,13:40,15:40,16:40
20170531,13:45,15:45,16:45
20170531,13:50,15:55,16:55
20170531,13:55,16:05,17:05
20170531,14:00,16:05,17:05
20170531,14:05,16:15,17:15
20170531,14:10,16:25,17:25
20170531,14:15,16:25,17:25
20170531,14:20,16:30,17:30
20170531,14:25,16:35,17:35
20170531,14:30,16:40,17:40
20170531,14:35,16:45,17:45
20170531,14:40,16:50,17:50
20170531,14:45,16:55,17:55
20170531,14:50,17:05,18:05
20170531,14:55,17:15,18:15
20170531,15:00,17:20,18:20
20170531,15:05,17:30,18:30
20170531,15:10,17:40,18:40
20170531,15:15,17:50,18:50
20170531,15:20,18:00,19:00
20170531,15:25,18:10,19:10
20170531,15:30,18:15,19:15
20170531,15:35,18:25,19:25
20170531,15:40,18:35,19:35
20170531,15:45,18:40,19:40
20170531,15:50,18:45,19:45
20170531,15:55,18:55,19:55
20170531,16:00,19:00,20:00
20170531,16:05,19:05,20:05
20170531,16:10,19:10,20:10
20170531,16:15,19:15,20:15
20170531,16:20,19:20,20:20
20170531,16:25,19:20,20:20
20170531,16:30,19:25,20:25
20170531,16:35,19:30,20:30
20170531,16:40,19:40,20:40
20170531,16:45,19:45,20:45
20170531,16:50,19:50,20:50
20170531,16:55,19:55,20:55
20170531,17:00,19:55,20:55
20170531,17:05,20:00,21:00
20170531,17:10,20:05,21:05
20170531,17:15,20:10,21:10
20170531,17:20,20:10,21:10
20170531,17:25,20:20,21:20
20170531,17:30,20:20,21:20
20170531,17:35,20:25,21:25
20170531,17:40,20:25,21:25
20170531,17:45,20:30,21:30
20170531,17:50,20:35,21:35
20170531,17:55,20:35,21:35
20170531,18:00,20:40,21:40
20170531,18:05,20:40,21:40
20170531,18:10,20:45,21:45
20170531,18:15,20:45,21:45
20170531,18:20,20:50,21:50
20170531,18:25,20:55,21:55
20170531,18:30,20:55,21:55
20170531,18:35,20:55,21:55
20170531,18:40,21:00,22:00
20170531,18:45,21:00,22:00
20170531,18:50,21:05,22:00
20170531,18:55,21:05,22:00
20170531,19:00,21:05,22:00
20170531,19:05,21:10,22:00
20170531,19:10,21:10,22:00
20170531,19:15,21:10,22:00
20170531,19:20,21:15,22:00
20170531,19:25,21:15,22:00
20170531,19:30,21:15,22:00
20170531,19:35,21:15,22:00
20170531,19:40,21:15,22:00
20170531,19:45,21:15,22:00
20170531,19:50,21:20,22:00
20170531,19:55,21:20,22:00
20170531,20:00,21:20,22:00
20170531,20:05,21:20,22:00
20170531,20:10,21:20,22:00
20170531,20:15,21:20,22:00
20170531,20:20,21:25,22:00
20170531,20:25,21:25,22:00
20170531,20:30,21:25,22:00
20170531,20:35,21:25,22:00
20170531,20:40,21:25,22:00
20170531,20:45,21:30,22:00
20170531,20:50,21:30,22:00
20170531,20:55,21:30,22:00
20170531,21:00,21:35,22:00
20170531,21:05,21:40,22:00
20170530,9:05,9:45,10:45
20170530,9:10,9:55,10:55
20170530,9:15,10:10,11:10
20170530,9:20,10:15,11:15
20170530,9:25,10:25,11:25
20170530,9:30,10:25,11:25
20170530,9:35,10:30,11:30
20170530,9:40,10:35,11:35
20170530,9:45,10:40,11:40
20170530,9:50,10:40,11:40
20170530,9:55,10:45,11:45
20170530,10:00,10:50,11:50
20170530,10:05,10:55,11:55
20170530,10:10,10:55,11:55
20170530,10:15,11:00,12:00
20170530,10:20,11:05,12:05
20170530,10:25,11:10,12:10
20170530,10:30,11:15,12:15
20170530,10:35,11:20,12:20
20170530,10:40,11:30,12:30
20170530,10:45,11:40,12:40
20170530,10:50,11:45,12:45
20170530,10:55,11:50,12:50
20170530,11:00,11:55,12:55
20170530,11:05,12:00,13:00
20170530,11:10,12:05,13:05
20170530,11:15,12:10,13:10
20170530,11:20,12:15,13:15
20170530,11:25,12:20,13:20
20170530,11:30,12:30,13:30
20170530,11:35,12:35,13:35
20170530,11:40,12:45,13:45
20170530,11:45,12:50,13:50
20170530,11:50,13:05,14:05
20170530,11:55,13:15,14:15
20170530,12:00,13:20,14:20
20170530,12:05,13:30,14:30
20170530,12:10,13:35,14:35
20170530,12:15,13:40,14:40
20170530,12:20,13:50,14:50
20170530,12:25,13:55,14:55
20170530,12:30,14:00,15:00
20170530,12:35,14:10,15:10
20170530,12:40,14:15,15:15
20170530,12:45,14:25,15:25
20170530,12:50,14:35,15:35
20170530,12:55,14:45,15:45
20170530,13:00,14:50,15:50
20170530,13:05,14:55,15:55
20170530,13:10,15:05,16:05
20170530,13:15,15:10,16:10
20170530,13:20,15:15,16:15
20170530,13:25,15:20,16:20
20170530,13:30,15:25,16:25
20170530,13:35,15:35,16:35
20170530,13:40,15:45,16:45
20170530,13:45,15:50,16:50
20170530,13:50,15:55,16:55
20170530,13:55,16:05,17:05
20170530,14:00,16:10,17:10
20170530,14:05,16:20,17:20
20170530,14:10,16:25,17:25
20170530,14:15,16:35,17:35
20170530,14:20,16:35,17:35
20170530,14:25,16:40,17:40
20170530,14:30,16:45,17:45
20170530,14:35,16:45,17:45
20170530,14:40,16:55,17:55
20170530,14:45,17:00,18:00
20170530,14:50,17:10,18:10
20170530,14:55,17:15,18:15
20170530,15:00,17:20,18:20
20170530,15:05,17:30,18:30
20170530,15:10,17:35,18:35
20170530,15:15,17:45,18:45
20170530,15:20,17:50,18:50
20170530,15:25,18:00,19:00
20170530,15:30,18:05,19:05
20170530,15:35,18:15,19:15
20170530,15:40,18:25,19:25
20170530,15:45,18:30,19:30
20170530,15:50,18:40,19:40
20170530,15:55,18:45,19:45
20170530,16:00,18:50,19:50
20170530,16:05,18:50,19:50
20170530,16:10,19:00,20:00
20170530,16:15,19:05,20:05
20170530,16:20,19:05,20:05
20170530,16:25,19:10,20:10
20170530,16:30,19:15,20:15
20170530,16:35,19:15,20:15
20170530,16:40,19:20,20:20
20170530,16:45,19:25,20:25
20170530,16:50,19:25,20:25
20170530,16:55,19:30,20:30
20170530,17:00,19:35,20:35
20170530,17:05,19:40,20:40
20170530,17:10,19:45,20:45
20170530,17:15,19:50,20:50
20170530,17:20,19:50,20:50
20170530,17:25,20:00,21:00
20170530,17:30,20:00,21:00
20170530,17:35,20:10,21:10
20170530,17:40,20:10,21:10
20170530,17:45,20:15,21:15
20170530,17:50,20:15,21:15
20170530,17:55,20:20,21:20
20170530,18:00,20:25,21:25
20170530,18:05,20:25,21:25
20170530,18:10,20:30,21:30
20170530,18:15,20:35,21:35
20170530,18:20,20:35,21:35
20170530,18:25,20:40,21:40
20170530,18:30,20:40,21:40
20170530,18:35,20:40,21:40
20170530,18:40,20:40,21:40
20170530,18:45,20:45,21:45
20170530,18:50,20:45,21:45
20170530,18:55,20:45,21:45
20170530,19:00,20:45,21:45
20170530,19:05,20:50,21:50
20170530,19:10,20:50,21:50
20170530,19:15,20:50,21:50
20170530,19:20,20:50,21:50
20170530,19:25,20:55,21:55
20170530,19:30,20:55,21:55
20170530,19:35,20:55,21:55
20170530,19:40,20:55,21:55
20170530,19:45,21:00,22:00
20170530,19:50,21:00,22:00
20170530,19:55,21:00,22:00
20170530,20:00,21:00,22:00
20170530,20:05,21:00,22:00
20170530,20:10,21:00,22:00
20170530,20:15,21:00,22:00
20170530,20:20,21:00,22:00
20170530,20:25,21:00,22:00
20170530,20:30,21:05,22:00
20170530,20:35,21:10,22:00
20170530,20:40,21:15,22:00
20170530,20:45,21:20,22:00
20170530,20:50,21:25,22:00
20170530,20:55,21:30,22:00
20170530,21:00,21:35,22:00
20170530,21:05,21:40,22:00
20170529,8:05,8:55,9:55
20170529,8:10,9:10,10:10
20170529,8:15,9:35,10:35
20170529,8:20,9:55,10:55
20170529,8:25,10:10,11:10
20170529,8:30,10:35,11:35
20170529,8:35,11:00,12:00
20170529,8:40,11:10,12:10
20170529,8:45,11:30,12:30
20170529,8:50,11:45,12:45
20170529,8:55,12:00,13:00
20170529,9:00,12:15,13:15
20170529,9:05,12:30,13:30
20170529,9:10,12:40,13:40
20170529,9:15,12:50,13:50
20170529,9:20,13:05,14:05
20170529,9:25,13:20,14:20
20170529,9:30,13:30,14:30
20170529,9:35,13:50,14:50
20170529,9:40,14:00,15:00
20170529,9:45,14:15,15:15
20170529,9:50,14:30,15:30
20170529,9:55,14:55,15:55
20170529,10:00,15:05,16:05
20170529,10:05,15:25,16:25
20170529,10:10,15:35,16:35
20170529,10:15,15:55,16:55
20170529,10:20,16:10,17:10
20170529,10:25,16:30,17:30
20170529,10:30,16:45,17:45
20170529,10:35,17:00,18:00
20170529,10:40,17:35,18:35
20170529,10:45,18:10,19:10
20170529,10:50,18:35,19:35
20170529,10:55,19:00,20:00
20170529,11:00,19:15,20:15
20170529,11:05,19:45,20:45
20170529,11:10,20:00,21:00
20170529,11:15,20:10,21:10
20170529,11:20,20:25,21:25
20170529,11:25,20:40,21:40
20170529,11:30,20:50,21:50
20170529,11:35,21:05,22:00
20170529,11:40,21:15,22:00
20170529,11:45,21:25,22:00
20170529,11:50,21:35,22:00
20170529,11:55,21:40,22:00
20170528,8:05,9:00,10:00
20170528,8:10,9:20,10:20
20170528,8:15,9:50,10:50
20170528,8:20,10:10,11:10
20170528,8:25,10:35,11:35
20170528,8:30,11:05,12:05
20170528,8:35,11:45,12:45
20170528,8:40,12:10,13:10
20170528,8:45,12:40,13:40
20170528,8:50,13:00,14:00
20170528,8:55,13:15,14:15
20170528,9:00,13:30,14:30
20170528,9:05,13:55,14:55
20170528,9:10,14:05,15:05
20170528,9:15,14:15,15:15
20170528,9:20,14:35,15:35
20170528,9:25,14:55,15:55
20170528,9:30,15:05,16:05
20170528,9:35,15:20,16:20
20170528,9:40,15:25,16:25
20170528,9:45,15:40,16:40
20170528,9:50,15:45,16:45
20170528,9:55,15:50,16:50
20170528,10:00,16:00,17:00
20170528,10:05,16:05,17:05
20170528,10:10,16:15,17:15
20170528,10:15,16:25,17:25
20170528,10:20,16:35,17:35
20170528,10:25,16:40,17:40
20170528,10:30,16:55,17:55
20170528,10:35,17:05,18:05
20170528,10:40,17:15,18:15
20170528,10:45,17:30,18:30
20170528,10:50,17:45,18:45
20170528,10:55,18:00,19:00
20170528,11:00,18:15,19:15
20170528,11:05,18:30,19:30
20170528,11:10,18:45,19:45
20170528,11:15,18:50,19:50
20170528,11:20,18:55,19:55
20170528,11:25,19:05,20:05
20170528,11:30,19:10,20:10
20170528,11:38,19:20,20:20
20170528,11:40,19:30,20:30
20170528,11:45,19:45,20:45
20170528,11:50,20:00,21:00
20170528,11:55,20:20,21:20
20170528,12:00,20:25,21:25
20170528,12:05,20:35,21:35
20170528,12:10,20:45,21:45
20170528,12:15,21:00,22:00
20170528,12:20,21:10,22:00
20170528,12:25,21:20,22:00
20170528,12:30,21:25,22:00
20170528,12:35,21:35,22:00
20170528,12:40,21:40,22:00